Código da Loja;Código do Fornecedor;Nome do Fornecedor;Número do Documento;codigo da operacao;Operação;Situação;Data De Emissão;Data de entrada;Frete;Outros;Seguro;Desconto;IPI;DAE;ICMS Desonerado;FECOP;Valor FECOPST;FECOP Retido;Base de Cálculo ICMS;Valor BC do ICMS;Base de Cálculo ICMSST;Valor BC ICMSST;Valor Total;Código do produto;Descrição Produto;Unidade de medida;Quantidade de itens na unidade;Quantidade de itens;CFOP;Frete do item;Seguro do item;Desconto do item;IPI do item;Base de cálculo do ICMS do item;ICMS do item;Base de calculo do ICMS ST do item;ICMS ST do item;DAE Item;ICMS desonerado do item;ICMS antecipado do item;FECOP do item;FECOP ST do item;FECOP retido do item;Valor unitário;Outras despesas do item;Valor total do item
1;431;OVOS E PRODUTOS ALIMENTICIOS DE AUSTIN;22052026;3;COMPRA PARA COMERCIALIZAÇAO - NOTA BRANCA;EFETIVADA;22/05/2026;23/05/2026;0,00;0,00;0,00;0,00;0,00;0,00;0,00;0,00;0,00;0,00;0,00;0,00;0,00;0,00;1260,00;000000000008064;OVOS CARTELA COM 20;UN;120,00;1,00;1102;0,00;0,00;0,00;0,00;0,00;0,00;0,00;0,00;0,00;0,00;0,00;0,00;0,00;0,00;1260,00;0,00;1260,00
1;198;PATRÃO DAS VERDURAS LTDA;19052026;3;COMPRA PARA COMERCIALIZAÇAO - NOTA BRANCA;EFETIVADA;19/05/2026;19/05/2026;0,00;0,00;0,00;0,00;0,00;0,00;0,00;0,00;0,00;0,00;0,00;0,00;0,00;0,00;555,00;000000000012303;AGRIAO UN.;UN;1,00;30,00;1102;0,00;0,00;0,00;0,00;0,00;0,00;0,00;0,00;0,00;0,00;0,00;0,00;0,00;0,00;0,90;0,00;27,00
1;198;PATRÃO DAS VERDURAS LTDA;19052026;3;COMPRA PARA COMERCIALIZAÇAO - NOTA BRANCA;EFETIVADA;19/05/2026;19/05/2026;0,00;0,00;0,00;0,00;0,00;0,00;0,00;0,00;0,00;0,00;0,00;0,00;0,00;0,00;555,00;000000000012302;ALFACE CRESPA UN.;CX;12,00;8,00;1102;0,00;0,00;0,00;0,00;0,00;0,00;0,00;0,00;0,00;0,00;0,00;0,00;0,00;0,00;12,00;0,00;96,00
1;198;PATRÃO DAS VERDURAS LTDA;19052026;3;COMPRA PARA COMERCIALIZAÇAO - NOTA BRANCA;EFETIVADA;19/05/2026;19/05/2026;0,00;0,00;0,00;0,00;0,00;0,00;0,00;0,00;0,00;0,00;0,00;0,00;0,00;0,00;555,00;000000000012307;CHEIRO VERDE UN.;UN;1,00;40,00;1102;0,00;0,00;0,00;0,00;0,00;0,00;0,00;0,00;0,00;0,00;0,00;0,00;0,00;0,00;1,30;0,00;52,00
1;198;PATRÃO DAS VERDURAS LTDA;19052026;3;COMPRA PARA COMERCIALIZAÇAO - NOTA BRANCA;EFETIVADA;19/05/2026;19/05/2026;0,00;0,00;0,00;0,00;0,00;0,00;0,00;0,00;0,00;0,00;0,00;0,00;0,00;0,00;555,00;000000000012305;COENTRO UN.;UN;1,00;80,00;1102;0,00;0,00;0,00;0,00;0,00;0,00;0,00;0,00;0,00;0,00;0,00;0,00;0,00;0,00;1,50;0,00;120,00
1;198;PATRÃO DAS VERDURAS LTDA;19052026;3;COMPRA PARA COMERCIALIZAÇAO - NOTA BRANCA;EFETIVADA;19/05/2026;19/05/2026;0,00;0,00;0,00;0,00;0,00;0,00;0,00;0,00;0,00;0,00;0,00;0,00;0,00;0,00;555,00;000000000012304;COUVE UN.;UN;1,00;60,00;1102;0,00;0,00;0,00;0,00;0,00;0,00;0,00;0,00;0,00;0,00;0,00;0,00;0,00;0,00;1,00;0,00;60,00
1;198;PATRÃO DAS VERDURAS LTDA;19052026;3;COMPRA PARA COMERCIALIZAÇAO - NOTA BRANCA;EFETIVADA;19/05/2026;19/05/2026;0,00;0,00;0,00;0,00;0,00;0,00;0,00;0,00;0,00;0,00;0,00;0,00;0,00;0,00;555,00;000000000012306;HORTELA UN;UN;1,00;20,00;1102;0,00;0,00;0,00;0,00;0,00;0,00;0,00;0,00;0,00;0,00;0,00;0,00;0,00;0,00;0,70;0,00;14,00
1;198;PATRÃO DAS VERDURAS LTDA;19052026;3;COMPRA PARA COMERCIALIZAÇAO - NOTA BRANCA;EFETIVADA;19/05/2026;19/05/2026;0,00;0,00;0,00;0,00;0,00;0,00;0,00;0,00;0,00;0,00;0,00;0,00;0,00;0,00;555,00;000000000004803;JILO KG;KG;17,00;1,00;1102;0,00;0,00;0,00;0,00;0,00;0,00;0,00;0,00;0,00;0,00;0,00;0,00;0,00;0,00;90,00;0,00;90,00
1;198;PATRÃO DAS VERDURAS LTDA;19052026;3;COMPRA PARA COMERCIALIZAÇAO - NOTA BRANCA;EFETIVADA;19/05/2026;19/05/2026;0,00;0,00;0,00;0,00;0,00;0,00;0,00;0,00;0,00;0,00;0,00;0,00;0,00;0,00;555,00;000000000004405;MOSTARDA UN;UN;1,00;40,00;1102;0,00;0,00;0,00;0,00;0,00;0,00;0,00;0,00;0,00;0,00;0,00;0,00;0,00;0,00;1,10;0,00;44,00
1;198;PATRÃO DAS VERDURAS LTDA;19052026;3;COMPRA PARA COMERCIALIZAÇAO - NOTA BRANCA;EFETIVADA;19/05/2026;19/05/2026;0,00;0,00;0,00;0,00;0,00;0,00;0,00;0,00;0,00;0,00;0,00;0,00;0,00;0,00;555,00;000000000012320;SALSINHA UN;UN;1,00;40,00;1102;0,00;0,00;0,00;0,00;0,00;0,00;0,00;0,00;0,00;0,00;0,00;0,00;0,00;0,00;1,30;0,00;52,00
1;198;PATRÃO DAS VERDURAS LTDA;21052026;3;COMPRA PARA COMERCIALIZAÇAO - NOTA BRANCA;EFETIVADA;21/05/2026;22/05/2026;0,00;0,00;0,00;0,00;0,00;0,00;0,00;0,00;0,00;0,00;0,00;0,00;0,00;0,00;421,00;000000000012303;AGRIAO UN.;UN;1,00;15,00;1102;0,00;0,00;0,00;0,00;0,00;0,00;0,00;0,00;0,00;0,00;0,00;0,00;0,00;0,00;1,20;0,00;18,00
1;198;PATRÃO DAS VERDURAS LTDA;21052026;3;COMPRA PARA COMERCIALIZAÇAO - NOTA BRANCA;EFETIVADA;21/05/2026;22/05/2026;0,00;0,00;0,00;0,00;0,00;0,00;0,00;0,00;0,00;0,00;0,00;0,00;0,00;0,00;421,00;000000000012302;ALFACE CRESPA UN.;CX;12,00;7,00;1102;0,00;0,00;0,00;0,00;0,00;0,00;0,00;0,00;0,00;0,00;0,00;0,00;0,00;0,00;15,00;0,00;105,00
1;198;PATRÃO DAS VERDURAS LTDA;21052026;3;COMPRA PARA COMERCIALIZAÇAO - NOTA BRANCA;EFETIVADA;21/05/2026;22/05/2026;0,00;0,00;0,00;0,00;0,00;0,00;0,00;0,00;0,00;0,00;0,00;0,00;0,00;0,00;421,00;000000000012307;CHEIRO VERDE UN.;UN;1,00;30,00;1102;0,00;0,00;0,00;0,00;0,00;0,00;0,00;0,00;0,00;0,00;0,00;0,00;0,00;0,00;1,70;0,00;51,00
1;198;PATRÃO DAS VERDURAS LTDA;21052026;3;COMPRA PARA COMERCIALIZAÇAO - NOTA BRANCA;EFETIVADA;21/05/2026;22/05/2026;0,00;0,00;0,00;0,00;0,00;0,00;0,00;0,00;0,00;0,00;0,00;0,00;0,00;0,00;421,00;000000000012305;COENTRO UN.;UN;1,00;80,00;1102;0,00;0,00;0,00;0,00;0,00;0,00;0,00;0,00;0,00;0,00;0,00;0,00;0,00;0,00;1,70;0,00;136,00
1;198;PATRÃO DAS VERDURAS LTDA;21052026;3;COMPRA PARA COMERCIALIZAÇAO - NOTA BRANCA;EFETIVADA;21/05/2026;22/05/2026;0,00;0,00;0,00;0,00;0,00;0,00;0,00;0,00;0,00;0,00;0,00;0,00;0,00;0,00;421,00;000000000012304;COUVE UN.;UN;1,00;40,00;1102;0,00;0,00;0,00;0,00;0,00;0,00;0,00;0,00;0,00;0,00;0,00;0,00;0,00;0,00;1,50;0,00;60,00
1;198;PATRÃO DAS VERDURAS LTDA;21052026;3;COMPRA PARA COMERCIALIZAÇAO - NOTA BRANCA;EFETIVADA;21/05/2026;22/05/2026;0,00;0,00;0,00;0,00;0,00;0,00;0,00;0,00;0,00;0,00;0,00;0,00;0,00;0,00;421,00;000000000012320;SALSINHA UN;UN;1,00;30,00;1102;0,00;0,00;0,00;0,00;0,00;0,00;0,00;0,00;0,00;0,00;0,00;0,00;0,00;0,00;1,70;0,00;51,00
1;198;PATRÃO DAS VERDURAS LTDA;23052026;3;COMPRA PARA COMERCIALIZAÇAO - NOTA BRANCA;EFETIVADA;23/05/2026;23/05/2026;0,00;0,00;0,00;0,00;0,00;0,00;0,00;0,00;0,00;0,00;0,00;0,00;0,00;0,00;586,50;000000000012303;AGRIAO UN.;UN;1,00;15,00;1102;0,00;0,00;0,00;0,00;0,00;0,00;0,00;0,00;0,00;0,00;0,00;0,00;0,00;0,00;1,20;0,00;18,00
1;198;PATRÃO DAS VERDURAS LTDA;23052026;3;COMPRA PARA COMERCIALIZAÇAO - NOTA BRANCA;EFETIVADA;23/05/2026;23/05/2026;0,00;0,00;0,00;0,00;0,00;0,00;0,00;0,00;0,00;0,00;0,00;0,00;0,00;0,00;586,50;000000000005642;ALFACE AMERICANA UN.;UN;12,00;1,00;1102;0,00;0,00;0,00;0,00;0,00;0,00;0,00;0,00;0,00;0,00;0,00;0,00;0,00;0,00;30,00;0,00;30,00
1;198;PATRÃO DAS VERDURAS LTDA;23052026;3;COMPRA PARA COMERCIALIZAÇAO - NOTA BRANCA;EFETIVADA;23/05/2026;23/05/2026;0,00;0,00;0,00;0,00;0,00;0,00;0,00;0,00;0,00;0,00;0,00;0,00;0,00;0,00;586,50;000000000012302;ALFACE CRESPA UN.;CX;12,00;8,00;1102;0,00;0,00;0,00;0,00;0,00;0,00;0,00;0,00;0,00;0,00;0,00;0,00;0,00;0,00;15,00;0,00;120,00
1;198;PATRÃO DAS VERDURAS LTDA;23052026;3;COMPRA PARA COMERCIALIZAÇAO - NOTA BRANCA;EFETIVADA;23/05/2026;23/05/2026;0,00;0,00;0,00;0,00;0,00;0,00;0,00;0,00;0,00;0,00;0,00;0,00;0,00;0,00;586,50;000000000012307;CHEIRO VERDE UN.;UN;1,00;40,00;1102;0,00;0,00;0,00;0,00;0,00;0,00;0,00;0,00;0,00;0,00;0,00;0,00;0,00;0,00;1,70;0,00;68,00
1;198;PATRÃO DAS VERDURAS LTDA;23052026;3;COMPRA PARA COMERCIALIZAÇAO - NOTA BRANCA;EFETIVADA;23/05/2026;23/05/2026;0,00;0,00;0,00;0,00;0,00;0,00;0,00;0,00;0,00;0,00;0,00;0,00;0,00;0,00;586,50;000000000012305;COENTRO UN.;UN;1,00;70,00;1102;0,00;0,00;0,00;0,00;0,00;0,00;0,00;0,00;0,00;0,00;0,00;0,00;0,00;0,00;1,70;0,00;119,00
1;198;PATRÃO DAS VERDURAS LTDA;23052026;3;COMPRA PARA COMERCIALIZAÇAO - NOTA BRANCA;EFETIVADA;23/05/2026;23/05/2026;0,00;0,00;0,00;0,00;0,00;0,00;0,00;0,00;0,00;0,00;0,00;0,00;0,00;0,00;586,50;000000000012304;COUVE UN.;UN;1,00;40,00;1102;0,00;0,00;0,00;0,00;0,00;0,00;0,00;0,00;0,00;0,00;0,00;0,00;0,00;0,00;1,50;0,00;60,00
1;198;PATRÃO DAS VERDURAS LTDA;23052026;3;COMPRA PARA COMERCIALIZAÇAO - NOTA BRANCA;EFETIVADA;23/05/2026;23/05/2026;0,00;0,00;0,00;0,00;0,00;0,00;0,00;0,00;0,00;0,00;0,00;0,00;0,00;0,00;586,50;000000000012306;HORTELA UN;UN;1,00;15,00;1102;0,00;0,00;0,00;0,00;0,00;0,00;0,00;0,00;0,00;0,00;0,00;0,00;0,00;0,00;0,90;0,00;13,50
1;198;PATRÃO DAS VERDURAS LTDA;23052026;3;COMPRA PARA COMERCIALIZAÇAO - NOTA BRANCA;EFETIVADA;23/05/2026;23/05/2026;0,00;0,00;0,00;0,00;0,00;0,00;0,00;0,00;0,00;0,00;0,00;0,00;0,00;0,00;586,50;000000000004803;JILO KG;KG;17,00;1,00;1102;0,00;0,00;0,00;0,00;0,00;0,00;0,00;0,00;0,00;0,00;0,00;0,00;0,00;0,00;90,00;0,00;90,00
1;198;PATRÃO DAS VERDURAS LTDA;23052026;3;COMPRA PARA COMERCIALIZAÇAO - NOTA BRANCA;EFETIVADA;23/05/2026;23/05/2026;0,00;0,00;0,00;0,00;0,00;0,00;0,00;0,00;0,00;0,00;0,00;0,00;0,00;0,00;586,50;000000000012320;SALSINHA UN;UN;1,00;40,00;1102;0,00;0,00;0,00;0,00;0,00;0,00;0,00;0,00;0,00;0,00;0,00;0,00;0,00;0,00;1,70;0,00;68,00
1;10;PEDRA;18052026;3;COMPRA PARA COMERCIALIZAÇAO - NOTA BRANCA;EFETIVADA;18/05/2026;19/05/2026;0,00;0,00;0,00;0,00;0,00;0,00;0,00;0,00;0,00;0,00;150,00;30,00;0,00;0,00;17929,00;000000000010523;ABACATE KG;CX;36,70;1,00;1102;0,00;0,00;0,00;0,00;0,00;0,00;0,00;0,00;0,00;0,00;0,00;0,00;0,00;0,00;100,00;0,00;100,00
1;10;PEDRA;18052026;3;COMPRA PARA COMERCIALIZAÇAO - NOTA BRANCA;EFETIVADA;18/05/2026;19/05/2026;0,00;0,00;0,00;0,00;0,00;0,00;0,00;0,00;0,00;0,00;150,00;30,00;0,00;0,00;17929,00;000000000004802;ABACAXI GRANDE UN.;CX;20,00;1,00;1102;0,00;0,00;0,00;0,00;0,00;0,00;0,00;0,00;0,00;0,00;0,00;0,00;0,00;0,00;150,00;0,00;150,00
1;10;PEDRA;18052026;3;COMPRA PARA COMERCIALIZAÇAO - NOTA BRANCA;EFETIVADA;18/05/2026;19/05/2026;0,00;0,00;0,00;0,00;0,00;0,00;0,00;0,00;0,00;0,00;150,00;30,00;0,00;0,00;17929,00;000000000010505;ABOBRINHA KG;CX;40,70;1,00;1102;0,00;0,00;0,00;0,00;0,00;0,00;0,00;0,00;0,00;0,00;0,00;0,00;0,00;0,00;130,00;0,00;130,00
1;10;PEDRA;18052026;3;COMPRA PARA COMERCIALIZAÇAO - NOTA BRANCA;EFETIVADA;18/05/2026;19/05/2026;0,00;0,00;0,00;0,00;0,00;0,00;0,00;0,00;0,00;0,00;150,00;30,00;0,00;0,00;17929,00;000000000011048;AIPIM KG;KG;87,90;1,00;1102;0,00;0,00;0,00;0,00;0,00;0,00;0,00;0,00;0,00;0,00;0,00;0,00;0,00;0,00;150,00;0,00;150,00
1;10;PEDRA;18052026;3;COMPRA PARA COMERCIALIZAÇAO - NOTA BRANCA;EFETIVADA;18/05/2026;19/05/2026;0,00;0,00;0,00;0,00;0,00;0,00;0,00;0,00;0,00;0,00;150,00;30,00;0,00;0,00;17929,00;000000000010518;BANANA DAGUA KG;CX;65,90;1,00;1102;0,00;0,00;0,00;0,00;0,00;0,00;0,00;0,00;0,00;0,00;0,00;0,00;0,00;0,00;240,00;0,00;240,00
1;10;PEDRA;18052026;3;COMPRA PARA COMERCIALIZAÇAO - NOTA BRANCA;EFETIVADA;18/05/2026;19/05/2026;0,00;0,00;0,00;0,00;0,00;0,00;0,00;0,00;0,00;0,00;150,00;30,00;0,00;0,00;17929,00;000000000004801;BANANA PRATA KG;CX;161,70;1,00;1102;0,00;0,00;0,00;0,00;0,00;0,00;0,00;0,00;0,00;0,00;0,00;0,00;0,00;0,00;900,00;0,00;900,00
1;10;PEDRA;18052026;3;COMPRA PARA COMERCIALIZAÇAO - NOTA BRANCA;EFETIVADA;18/05/2026;19/05/2026;0,00;0,00;0,00;0,00;0,00;0,00;0,00;0,00;0,00;0,00;150,00;30,00;0,00;0,00;17929,00;000000000001557;BATATA DOCE KG;UN;62,70;1,00;1102;0,00;0,00;0,00;0,00;0,00;0,00;0,00;0,00;0,00;0,00;0,00;0,00;0,00;0,00;225,00;0,00;225,00
1;10;PEDRA;18052026;3;COMPRA PARA COMERCIALIZAÇAO - NOTA BRANCA;EFETIVADA;18/05/2026;19/05/2026;0,00;0,00;0,00;0,00;0,00;0,00;0,00;0,00;0,00;0,00;150,00;30,00;0,00;0,00;17929,00;000000000002494;BATATA LISA KG;SC;258,70;1,00;1102;0,00;0,00;0,00;0,00;0,00;0,00;0,00;0,00;0,00;0,00;0,00;0,00;0,00;0,00;1700,00;0,00;1700,00
1;10;PEDRA;18052026;3;COMPRA PARA COMERCIALIZAÇAO - NOTA BRANCA;EFETIVADA;18/05/2026;19/05/2026;0,00;0,00;0,00;0,00;0,00;0,00;0,00;0,00;0,00;0,00;150,00;30,00;0,00;0,00;17929,00;000000000010506;BERINJELA KG;CX;10,80;1,00;1102;0,00;0,00;0,00;0,00;0,00;0,00;0,00;0,00;0,00;0,00;0,00;0,00;0,00;0,00;65,00;0,00;65,00
1;10;PEDRA;18052026;3;COMPRA PARA COMERCIALIZAÇAO - NOTA BRANCA;EFETIVADA;18/05/2026;19/05/2026;0,00;0,00;0,00;0,00;0,00;0,00;0,00;0,00;0,00;0,00;150,00;30,00;0,00;0,00;17929,00;000000000012309;BROCOLIS UN;UN;1,00;30,00;1102;0,00;0,00;0,00;0,00;0,00;0,00;0,00;0,00;0,00;0,00;0,00;0,00;0,00;0,00;5,50;0,00;165,00
1;10;PEDRA;18052026;3;COMPRA PARA COMERCIALIZAÇAO - NOTA BRANCA;EFETIVADA;18/05/2026;19/05/2026;0,00;0,00;0,00;0,00;0,00;0,00;0,00;0,00;0,00;0,00;150,00;30,00;0,00;0,00;17929,00;000000000002495;CEBOLA GRAUDA KG;SC;198,80;1,00;1102;0,00;0,00;0,00;0,00;0,00;0,00;0,00;0,00;0,00;0,00;0,00;0,00;0,00;0,00;850,00;0,00;850,00
1;10;PEDRA;18052026;3;COMPRA PARA COMERCIALIZAÇAO - NOTA BRANCA;EFETIVADA;18/05/2026;19/05/2026;0,00;0,00;0,00;0,00;0,00;0,00;0,00;0,00;0,00;0,00;150,00;30,00;0,00;0,00;17929,00;000000000010509;CEBOLA ROXA KG;SC;20,70;1,00;1102;0,00;0,00;0,00;0,00;0,00;0,00;0,00;0,00;0,00;0,00;0,00;0,00;0,00;0,00;110,00;0,00;110,00
1;10;PEDRA;18052026;3;COMPRA PARA COMERCIALIZAÇAO - NOTA BRANCA;EFETIVADA;18/05/2026;19/05/2026;0,00;0,00;0,00;0,00;0,00;0,00;0,00;0,00;0,00;0,00;150,00;30,00;0,00;0,00;17929,00;000000000004799;CENOURA KG;CX;132,90;1,00;1102;0,00;0,00;0,00;0,00;0,00;0,00;0,00;0,00;0,00;0,00;0,00;0,00;0,00;0,00;870,00;0,00;870,00
1;10;PEDRA;18052026;3;COMPRA PARA COMERCIALIZAÇAO - NOTA BRANCA;EFETIVADA;18/05/2026;19/05/2026;0,00;0,00;0,00;0,00;0,00;0,00;0,00;0,00;0,00;0,00;150,00;30,00;0,00;0,00;17929,00;000000000004796;CHUCHU KG;CX;40,70;1,00;1102;0,00;0,00;0,00;0,00;0,00;0,00;0,00;0,00;0,00;0,00;0,00;0,00;0,00;0,00;90,00;0,00;90,00
1;10;PEDRA;18052026;3;COMPRA PARA COMERCIALIZAÇAO - NOTA BRANCA;EFETIVADA;18/05/2026;19/05/2026;0,00;0,00;0,00;0,00;0,00;0,00;0,00;0,00;0,00;0,00;150,00;30,00;0,00;0,00;17929,00;000000000010526;COCO SECO KG;CX;46,70;1,00;1102;0,00;0,00;0,00;0,00;150,00;30,00;0,00;0,00;0,00;0,00;0,00;0,00;0,00;0,00;150,00;0,00;150,00
1;10;PEDRA;18052026;3;COMPRA PARA COMERCIALIZAÇAO - NOTA BRANCA;EFETIVADA;18/05/2026;19/05/2026;0,00;0,00;0,00;0,00;0,00;0,00;0,00;0,00;0,00;0,00;150,00;30,00;0,00;0,00;17929,00;000000000004804;INHAME KG;SC;64,90;1,00;1102;0,00;0,00;0,00;0,00;0,00;0,00;0,00;0,00;0,00;0,00;0,00;0,00;0,00;0,00;225,00;0,00;225,00
1;10;PEDRA;18052026;3;COMPRA PARA COMERCIALIZAÇAO - NOTA BRANCA;EFETIVADA;18/05/2026;19/05/2026;0,00;0,00;0,00;0,00;0,00;0,00;0,00;0,00;0,00;0,00;150,00;30,00;0,00;0,00;17929,00;000000000004797;LARANJA PERA KG;CX;208,70;1,00;1102;0,00;0,00;0,00;0,00;0,00;0,00;0,00;0,00;0,00;0,00;0,00;0,00;0,00;0,00;500,00;0,00;500,00
1;10;PEDRA;18052026;3;COMPRA PARA COMERCIALIZAÇAO - NOTA BRANCA;EFETIVADA;18/05/2026;19/05/2026;0,00;0,00;0,00;0,00;0,00;0,00;0,00;0,00;0,00;0,00;150,00;30,00;0,00;0,00;17929,00;000000000002498;LIMAO KG;CX;108,70;1,00;1102;0,00;0,00;0,00;0,00;0,00;0,00;0,00;0,00;0,00;0,00;0,00;0,00;0,00;0,00;275,00;0,00;275,00
1;10;PEDRA;18052026;3;COMPRA PARA COMERCIALIZAÇAO - NOTA BRANCA;EFETIVADA;18/05/2026;19/05/2026;0,00;0,00;0,00;0,00;0,00;0,00;0,00;0,00;0,00;0,00;150,00;30,00;0,00;0,00;17929,00;000000000010627;MACA GALA KG;CX;36,90;1,00;1102;0,00;0,00;0,00;0,00;0,00;0,00;0,00;0,00;0,00;0,00;0,00;0,00;0,00;0,00;260,00;0,00;260,00
1;10;PEDRA;18052026;3;COMPRA PARA COMERCIALIZAÇAO - NOTA BRANCA;EFETIVADA;18/05/2026;19/05/2026;0,00;0,00;0,00;0,00;0,00;0,00;0,00;0,00;0,00;0,00;150,00;30,00;0,00;0,00;17929,00;000000000002137;MACA GALA SC 850GR;PCT;120,00;1,00;1102;0,00;0,00;0,00;0,00;0,00;0,00;0,00;0,00;0,00;0,00;0,00;0,00;0,00;0,00;500,00;0,00;500,00
1;10;PEDRA;18052026;3;COMPRA PARA COMERCIALIZAÇAO - NOTA BRANCA;EFETIVADA;18/05/2026;19/05/2026;0,00;0,00;0,00;0,00;0,00;0,00;0,00;0,00;0,00;0,00;150,00;30,00;0,00;0,00;17929,00;000000000007657;MAMAO FORMOSA KG;CX;26,70;1,00;1102;0,00;0,00;0,00;0,00;0,00;0,00;0,00;0,00;0,00;0,00;0,00;0,00;0,00;0,00;80,00;0,00;80,00
1;10;PEDRA;18052026;3;COMPRA PARA COMERCIALIZAÇAO - NOTA BRANCA;EFETIVADA;18/05/2026;19/05/2026;0,00;0,00;0,00;0,00;0,00;0,00;0,00;0,00;0,00;0,00;150,00;30,00;0,00;0,00;17929,00;000000000005062;MAMAO PAPAIA UN.;CX;130,00;1,00;1102;0,00;0,00;0,00;0,00;0,00;0,00;0,00;0,00;0,00;0,00;0,00;0,00;0,00;0,00;450,00;0,00;450,00
1;10;PEDRA;18052026;3;COMPRA PARA COMERCIALIZAÇAO - NOTA BRANCA;EFETIVADA;18/05/2026;19/05/2026;0,00;0,00;0,00;0,00;0,00;0,00;0,00;0,00;0,00;0,00;150,00;30,00;0,00;0,00;17929,00;000000000010525;MANGA PALMER KG;CX;81,90;1,00;1102;0,00;0,00;0,00;0,00;0,00;0,00;0,00;0,00;0,00;0,00;0,00;0,00;0,00;0,00;378,00;0,00;378,00
1;10;PEDRA;18052026;3;COMPRA PARA COMERCIALIZAÇAO - NOTA BRANCA;EFETIVADA;18/05/2026;19/05/2026;0,00;0,00;0,00;0,00;0,00;0,00;0,00;0,00;0,00;0,00;150,00;30,00;0,00;0,00;17929,00;000000000010522;MARACUJA KG;CX;172,50;1,00;1102;0,00;0,00;0,00;0,00;0,00;0,00;0,00;0,00;0,00;0,00;0,00;0,00;0,00;0,00;1050,00;0,00;1050,00
1;10;PEDRA;18052026;3;COMPRA PARA COMERCIALIZAÇAO - NOTA BRANCA;EFETIVADA;18/05/2026;19/05/2026;0,00;0,00;0,00;0,00;0,00;0,00;0,00;0,00;0,00;0,00;150,00;30,00;0,00;0,00;17929,00;000000000010521;MELAO COMUM KG;KG;29,70;1,00;1102;0,00;0,00;0,00;0,00;0,00;0,00;0,00;0,00;0,00;0,00;0,00;0,00;0,00;0,00;120,00;0,00;120,00
1;10;PEDRA;18052026;3;COMPRA PARA COMERCIALIZAÇAO - NOTA BRANCA;EFETIVADA;18/05/2026;19/05/2026;0,00;0,00;0,00;0,00;0,00;0,00;0,00;0,00;0,00;0,00;150,00;30,00;0,00;0,00;17929,00;000000000002519;OVOS CARTELA COM 30;CT;12,00;15,00;1102;0,00;0,00;0,00;0,00;0,00;0,00;0,00;0,00;0,00;0,00;0,00;0,00;0,00;0,00;165,00;0,00;2475,00
1;10;PEDRA;18052026;3;COMPRA PARA COMERCIALIZAÇAO - NOTA BRANCA;EFETIVADA;18/05/2026;19/05/2026;0,00;0,00;0,00;0,00;0,00;0,00;0,00;0,00;0,00;0,00;150,00;30,00;0,00;0,00;17929,00;000000000010512;PEPINO JAPONES KG;KG;37,90;1,00;1102;0,00;0,00;0,00;0,00;0,00;0,00;0,00;0,00;0,00;0,00;0,00;0,00;0,00;0,00;170,00;0,00;170,00
1;10;PEDRA;18052026;3;COMPRA PARA COMERCIALIZAÇAO - NOTA BRANCA;EFETIVADA;18/05/2026;19/05/2026;0,00;0,00;0,00;0,00;0,00;0,00;0,00;0,00;0,00;0,00;150,00;30,00;0,00;0,00;17929,00;000000000010513;PEPINO KG;CX;20,00;1,00;1102;0,00;0,00;0,00;0,00;0,00;0,00;0,00;0,00;0,00;0,00;0,00;0,00;0,00;0,00;85,00;0,00;85,00
1;10;PEDRA;18052026;3;COMPRA PARA COMERCIALIZAÇAO - NOTA BRANCA;EFETIVADA;18/05/2026;19/05/2026;0,00;0,00;0,00;0,00;0,00;0,00;0,00;0,00;0,00;0,00;150,00;30,00;0,00;0,00;17929,00;000000000007660;PERA WILLIAM KG;KG;18,80;1,00;1102;0,00;0,00;0,00;0,00;0,00;0,00;0,00;0,00;0,00;0,00;0,00;0,00;0,00;0,00;140,00;0,00;140,00
1;10;PEDRA;18052026;3;COMPRA PARA COMERCIALIZAÇAO - NOTA BRANCA;EFETIVADA;18/05/2026;19/05/2026;0,00;0,00;0,00;0,00;0,00;0,00;0,00;0,00;0,00;0,00;150,00;30,00;0,00;0,00;17929,00;000000000002502;PIMENTAO KG;CX;72,70;1,00;1102;0,00;0,00;0,00;0,00;0,00;0,00;0,00;0,00;0,00;0,00;0,00;0,00;0,00;0,00;360,00;0,00;360,00
1;10;PEDRA;18052026;3;COMPRA PARA COMERCIALIZAÇAO - NOTA BRANCA;EFETIVADA;18/05/2026;19/05/2026;0,00;0,00;0,00;0,00;0,00;0,00;0,00;0,00;0,00;0,00;150,00;30,00;0,00;0,00;17929,00;000000000011757;PIMENTAO VERMELHO E AMARELO KG;KG;11,90;1,00;1102;0,00;0,00;0,00;0,00;0,00;0,00;0,00;0,00;0,00;0,00;0,00;0,00;0,00;0,00;90,00;0,00;90,00
1;10;PEDRA;18052026;3;COMPRA PARA COMERCIALIZAÇAO - NOTA BRANCA;EFETIVADA;18/05/2026;19/05/2026;0,00;0,00;0,00;0,00;0,00;0,00;0,00;0,00;0,00;0,00;150,00;30,00;0,00;0,00;17929,00;000000000010507;QUIABO KG;CX;77,70;1,00;1102;0,00;0,00;0,00;0,00;0,00;0,00;0,00;0,00;0,00;0,00;0,00;0,00;0,00;0,00;690,00;0,00;690,00
1;10;PEDRA;18052026;3;COMPRA PARA COMERCIALIZAÇAO - NOTA BRANCA;EFETIVADA;18/05/2026;19/05/2026;0,00;0,00;0,00;0,00;0,00;0,00;0,00;0,00;0,00;0,00;150,00;30,00;0,00;0,00;17929,00;000000000010510;REPOLHO KG;CX;73,80;1,00;1102;0,00;0,00;0,00;0,00;0,00;0,00;0,00;0,00;0,00;0,00;0,00;0,00;0,00;0,00;255,00;0,00;255,00
1;10;PEDRA;18052026;3;COMPRA PARA COMERCIALIZAÇAO - NOTA BRANCA;EFETIVADA;18/05/2026;19/05/2026;0,00;0,00;0,00;0,00;0,00;0,00;0,00;0,00;0,00;0,00;150,00;30,00;0,00;0,00;17929,00;000000000010511;REPOLHO ROXO KG;CX;26,90;1,00;1102;0,00;0,00;0,00;0,00;0,00;0,00;0,00;0,00;0,00;0,00;0,00;0,00;0,00;0,00;100,00;0,00;100,00
1;10;PEDRA;18052026;3;COMPRA PARA COMERCIALIZAÇAO - NOTA BRANCA;EFETIVADA;18/05/2026;19/05/2026;0,00;0,00;0,00;0,00;0,00;0,00;0,00;0,00;0,00;0,00;150,00;30,00;0,00;0,00;17929,00;000000000011761;TANGERINA POKAN KG;CX;189,00;1,00;1102;0,00;0,00;0,00;0,00;0,00;0,00;0,00;0,00;0,00;0,00;0,00;0,00;0,00;0,00;540,00;0,00;540,00
1;10;PEDRA;18052026;3;COMPRA PARA COMERCIALIZAÇAO - NOTA BRANCA;EFETIVADA;18/05/2026;19/05/2026;0,00;0,00;0,00;0,00;0,00;0,00;0,00;0,00;0,00;0,00;150,00;30,00;0,00;0,00;17929,00;000000000002497;TOMATE CARMEM KG;CX;154,70;1,00;1102;0,00;0,00;0,00;0,00;0,00;0,00;0,00;0,00;0,00;0,00;0,00;0,00;0,00;0,00;1050,00;0,00;1050,00
1;10;PEDRA;18052026;3;COMPRA PARA COMERCIALIZAÇAO - NOTA BRANCA;EFETIVADA;18/05/2026;19/05/2026;0,00;0,00;0,00;0,00;0,00;0,00;0,00;0,00;0,00;0,00;150,00;30,00;0,00;0,00;17929,00;000000000002474;TOMATE GRAPE 180G UN.;CX;24,00;1,00;1102;0,00;0,00;0,00;0,00;0,00;0,00;0,00;0,00;0,00;0,00;0,00;0,00;0,00;0,00;130,00;0,00;130,00
1;10;PEDRA;18052026;3;COMPRA PARA COMERCIALIZAÇAO - NOTA BRANCA;EFETIVADA;18/05/2026;19/05/2026;0,00;0,00;0,00;0,00;0,00;0,00;0,00;0,00;0,00;0,00;150,00;30,00;0,00;0,00;17929,00;000000000010772;TOMATE ITALIANO KG;CX;149,90;1,00;1102;0,00;0,00;0,00;0,00;0,00;0,00;0,00;0,00;0,00;0,00;0,00;0,00;0,00;0,00;1015,00;0,00;1015,00
1;10;PEDRA;18052026;3;COMPRA PARA COMERCIALIZAÇAO - NOTA BRANCA;EFETIVADA;18/05/2026;19/05/2026;0,00;0,00;0,00;0,00;0,00;0,00;0,00;0,00;0,00;0,00;150,00;30,00;0,00;0,00;17929,00;000000000019191;UVA PRETA S/ CAROCO BDJ 500G;CX;100,00;1,00;1102;0,00;0,00;0,00;0,00;0,00;0,00;0,00;0,00;0,00;0,00;0,00;0,00;0,00;0,00;550,00;0,00;550,00
1;10;PEDRA;18052026;3;COMPRA PARA COMERCIALIZAÇAO - NOTA BRANCA;EFETIVADA;18/05/2026;19/05/2026;0,00;0,00;0,00;0,00;0,00;0,00;0,00;0,00;0,00;0,00;150,00;30,00;0,00;0,00;17929,00;000000000019308;UVA VERDE S/ CAROCO BDJ 500G;CX;70,00;1,00;1102;0,00;0,00;0,00;0,00;0,00;0,00;0,00;0,00;0,00;0,00;0,00;0,00;0,00;0,00;546,00;0,00;546,00
1;10;PEDRA;20052026;3;COMPRA PARA COMERCIALIZAÇAO - NOTA BRANCA;EFETIVADA;20/05/2026;21/05/2026;0,00;0,00;0,00;0,00;0,00;0,00;0,00;0,00;0,00;0,00;700,02;126,00;0,00;0,00;13648,00;000000000004802;ABACAXI GRANDE UN.;CX;20,00;1,00;1102;0,00;0,00;0,00;0,00;0,00;0,00;0,00;0,00;0,00;0,00;0,00;0,00;0,00;0,00;150,00;0,00;150,00
1;10;PEDRA;20052026;3;COMPRA PARA COMERCIALIZAÇAO - NOTA BRANCA;EFETIVADA;20/05/2026;21/05/2026;0,00;0,00;0,00;0,00;0,00;0,00;0,00;0,00;0,00;0,00;700,02;126,00;0,00;0,00;13648,00;000000000010505;ABOBRINHA KG;CX;37,90;1,00;1102;0,00;0,00;0,00;0,00;0,00;0,00;0,00;0,00;0,00;0,00;0,00;0,00;0,00;0,00;120,00;0,00;120,00
1;10;PEDRA;20052026;3;COMPRA PARA COMERCIALIZAÇAO - NOTA BRANCA;EFETIVADA;20/05/2026;21/05/2026;0,00;0,00;0,00;0,00;0,00;0,00;0,00;0,00;0,00;0,00;700,02;126,00;0,00;0,00;13648,00;000000000011048;AIPIM KG;KG;55,70;1,00;1102;0,00;0,00;0,00;0,00;0,00;0,00;0,00;0,00;0,00;0,00;0,00;0,00;0,00;0,00;100,00;0,00;100,00
1;10;PEDRA;20052026;3;COMPRA PARA COMERCIALIZAÇAO - NOTA BRANCA;EFETIVADA;20/05/2026;21/05/2026;0,00;0,00;0,00;0,00;0,00;0,00;0,00;0,00;0,00;0,00;700,02;126,00;0,00;0,00;13648,00;000000000002496;ALHO KG;CX;126,70;1,00;1102;0,00;0,00;0,00;0,00;700,02;126,00;0,00;0,00;0,00;0,00;0,00;0,00;0,00;0,00;1800,00;0,00;1800,00
1;10;PEDRA;20052026;3;COMPRA PARA COMERCIALIZAÇAO - NOTA BRANCA;EFETIVADA;20/05/2026;21/05/2026;0,00;0,00;0,00;0,00;0,00;0,00;0,00;0,00;0,00;0,00;700,02;126,00;0,00;0,00;13648,00;000000000004887;AMEIXA FRESCA KG;CX;10,30;1,00;1102;0,00;0,00;0,00;0,00;0,00;0,00;0,00;0,00;0,00;0,00;0,00;0,00;0,00;0,00;140,00;0,00;140,00
1;10;PEDRA;20052026;3;COMPRA PARA COMERCIALIZAÇAO - NOTA BRANCA;EFETIVADA;20/05/2026;21/05/2026;0,00;0,00;0,00;0,00;0,00;0,00;0,00;0,00;0,00;0,00;700,02;126,00;0,00;0,00;13648,00;000000000010518;BANANA DAGUA KG;CX;42,90;1,00;1102;0,00;0,00;0,00;0,00;0,00;0,00;0,00;0,00;0,00;0,00;0,00;0,00;0,00;0,00;120,00;0,00;120,00
1;10;PEDRA;20052026;3;COMPRA PARA COMERCIALIZAÇAO - NOTA BRANCA;EFETIVADA;20/05/2026;21/05/2026;0,00;0,00;0,00;0,00;0,00;0,00;0,00;0,00;0,00;0,00;700,02;126,00;0,00;0,00;13648,00;000000000004801;BANANA PRATA KG;CX;173,70;1,00;1102;0,00;0,00;0,00;0,00;0,00;0,00;0,00;0,00;0,00;0,00;0,00;0,00;0,00;0,00;680,00;0,00;680,00
1;10;PEDRA;20052026;3;COMPRA PARA COMERCIALIZAÇAO - NOTA BRANCA;EFETIVADA;20/05/2026;21/05/2026;0,00;0,00;0,00;0,00;0,00;0,00;0,00;0,00;0,00;0,00;700,02;126,00;0,00;0,00;13648,00;000000000002494;BATATA LISA KG;SC;306,80;1,00;1102;0,00;0,00;0,00;0,00;0,00;0,00;0,00;0,00;0,00;0,00;0,00;0,00;0,00;0,00;1920,00;0,00;1920,00
1;10;PEDRA;20052026;3;COMPRA PARA COMERCIALIZAÇAO - NOTA BRANCA;EFETIVADA;20/05/2026;21/05/2026;0,00;0,00;0,00;0,00;0,00;0,00;0,00;0,00;0,00;0,00;700,02;126,00;0,00;0,00;13648,00;000000000010506;BERINJELA KG;CX;12,10;1,00;1102;0,00;0,00;0,00;0,00;0,00;0,00;0,00;0,00;0,00;0,00;0,00;0,00;0,00;0,00;60,00;0,00;60,00
1;10;PEDRA;20052026;3;COMPRA PARA COMERCIALIZAÇAO - NOTA BRANCA;EFETIVADA;20/05/2026;21/05/2026;0,00;0,00;0,00;0,00;0,00;0,00;0,00;0,00;0,00;0,00;700,02;126,00;0,00;0,00;13648,00;000000000004798;BETERRABA KG;SC;61,90;1,00;1102;0,00;0,00;0,00;0,00;0,00;0,00;0,00;0,00;0,00;0,00;0,00;0,00;0,00;0,00;255,00;0,00;255,00
1;10;PEDRA;20052026;3;COMPRA PARA COMERCIALIZAÇAO - NOTA BRANCA;EFETIVADA;20/05/2026;21/05/2026;0,00;0,00;0,00;0,00;0,00;0,00;0,00;0,00;0,00;0,00;700,02;126,00;0,00;0,00;13648,00;000000000010691;CAQUI BANDEJA;UN;30,00;1,00;1102;0,00;0,00;0,00;0,00;0,00;0,00;0,00;0,00;0,00;0,00;0,00;0,00;0,00;0,00;120,00;0,00;120,00
1;10;PEDRA;20052026;3;COMPRA PARA COMERCIALIZAÇAO - NOTA BRANCA;EFETIVADA;20/05/2026;21/05/2026;0,00;0,00;0,00;0,00;0,00;0,00;0,00;0,00;0,00;0,00;700,02;126,00;0,00;0,00;13648,00;000000000010528;CAQUI KG;KG;11,30;1,00;1102;0,00;0,00;0,00;0,00;0,00;0,00;0,00;0,00;0,00;0,00;0,00;0,00;0,00;0,00;65,00;0,00;65,00
1;10;PEDRA;20052026;3;COMPRA PARA COMERCIALIZAÇAO - NOTA BRANCA;EFETIVADA;20/05/2026;21/05/2026;0,00;0,00;0,00;0,00;0,00;0,00;0,00;0,00;0,00;0,00;700,02;126,00;0,00;0,00;13648,00;000000000002495;CEBOLA GRAUDA KG;SC;203,00;1,00;1102;0,00;0,00;0,00;0,00;0,00;0,00;0,00;0,00;0,00;0,00;0,00;0,00;0,00;0,00;850,00;0,00;850,00
1;10;PEDRA;20052026;3;COMPRA PARA COMERCIALIZAÇAO - NOTA BRANCA;EFETIVADA;20/05/2026;21/05/2026;0,00;0,00;0,00;0,00;0,00;0,00;0,00;0,00;0,00;0,00;700,02;126,00;0,00;0,00;13648,00;000000000010509;CEBOLA ROXA KG;SC;19,80;1,00;1102;0,00;0,00;0,00;0,00;0,00;0,00;0,00;0,00;0,00;0,00;0,00;0,00;0,00;0,00;115,00;0,00;115,00
1;10;PEDRA;20052026;3;COMPRA PARA COMERCIALIZAÇAO - NOTA BRANCA;EFETIVADA;20/05/2026;21/05/2026;0,00;0,00;0,00;0,00;0,00;0,00;0,00;0,00;0,00;0,00;700,02;126,00;0,00;0,00;13648,00;000000000004799;CENOURA KG;CX;136,70;1,00;1102;0,00;0,00;0,00;0,00;0,00;0,00;0,00;0,00;0,00;0,00;0,00;0,00;0,00;0,00;870,00;0,00;870,00
1;10;PEDRA;20052026;3;COMPRA PARA COMERCIALIZAÇAO - NOTA BRANCA;EFETIVADA;20/05/2026;21/05/2026;0,00;0,00;0,00;0,00;0,00;0,00;0,00;0,00;0,00;0,00;700,02;126,00;0,00;0,00;13648,00;000000000004796;CHUCHU KG;CX;40,70;1,00;1102;0,00;0,00;0,00;0,00;0,00;0,00;0,00;0,00;0,00;0,00;0,00;0,00;0,00;0,00;90,00;0,00;90,00
1;10;PEDRA;20052026;3;COMPRA PARA COMERCIALIZAÇAO - NOTA BRANCA;EFETIVADA;20/05/2026;21/05/2026;0,00;0,00;0,00;0,00;0,00;0,00;0,00;0,00;0,00;0,00;700,02;126,00;0,00;0,00;13648,00;000000000002430;GOIABA  KG;KG;9,90;1,00;1102;0,00;0,00;0,00;0,00;0,00;0,00;0,00;0,00;0,00;0,00;0,00;0,00;0,00;0,00;100,00;0,00;100,00
1;10;PEDRA;20052026;3;COMPRA PARA COMERCIALIZAÇAO - NOTA BRANCA;EFETIVADA;20/05/2026;21/05/2026;0,00;0,00;0,00;0,00;0,00;0,00;0,00;0,00;0,00;0,00;700,02;126,00;0,00;0,00;13648,00;000000000004804;INHAME KG;SC;63,70;1,00;1102;0,00;0,00;0,00;0,00;0,00;0,00;0,00;0,00;0,00;0,00;0,00;0,00;0,00;0,00;180,00;0,00;180,00
1;10;PEDRA;20052026;3;COMPRA PARA COMERCIALIZAÇAO - NOTA BRANCA;EFETIVADA;20/05/2026;21/05/2026;0,00;0,00;0,00;0,00;0,00;0,00;0,00;0,00;0,00;0,00;700,02;126,00;0,00;0,00;13648,00;000000000007658;LARANJA BAHIA KG;KG;15,70;1,00;1102;0,00;0,00;0,00;0,00;0,00;0,00;0,00;0,00;0,00;0,00;0,00;0,00;0,00;0,00;110,00;0,00;110,00
1;10;PEDRA;20052026;3;COMPRA PARA COMERCIALIZAÇAO - NOTA BRANCA;EFETIVADA;20/05/2026;21/05/2026;0,00;0,00;0,00;0,00;0,00;0,00;0,00;0,00;0,00;0,00;700,02;126,00;0,00;0,00;13648,00;000000000004797;LARANJA PERA KG;CX;140,00;1,00;1102;0,00;0,00;0,00;0,00;0,00;0,00;0,00;0,00;0,00;0,00;0,00;0,00;0,00;0,00;420,00;0,00;420,00
1;10;PEDRA;20052026;3;COMPRA PARA COMERCIALIZAÇAO - NOTA BRANCA;EFETIVADA;20/05/2026;21/05/2026;0,00;0,00;0,00;0,00;0,00;0,00;0,00;0,00;0,00;0,00;700,02;126,00;0,00;0,00;13648,00;000000000002498;LIMAO KG;CX;100,00;1,00;1102;0,00;0,00;0,00;0,00;0,00;0,00;0,00;0,00;0,00;0,00;0,00;0,00;0,00;0,00;265,00;0,00;265,00
1;10;PEDRA;20052026;3;COMPRA PARA COMERCIALIZAÇAO - NOTA BRANCA;EFETIVADA;20/05/2026;21/05/2026;0,00;0,00;0,00;0,00;0,00;0,00;0,00;0,00;0,00;0,00;700,02;126,00;0,00;0,00;13648,00;000000000002452;LIMAO SICILIANO KG;SC;14,50;1,00;1102;0,00;0,00;0,00;0,00;0,00;0,00;0,00;0,00;0,00;0,00;0,00;0,00;0,00;0,00;130,00;0,00;130,00
1;10;PEDRA;20052026;3;COMPRA PARA COMERCIALIZAÇAO - NOTA BRANCA;EFETIVADA;20/05/2026;21/05/2026;0,00;0,00;0,00;0,00;0,00;0,00;0,00;0,00;0,00;0,00;700,02;126,00;0,00;0,00;13648,00;000000000010531;MACA FUJI KG;CX;18,30;1,00;1102;0,00;0,00;0,00;0,00;0,00;0,00;0,00;0,00;0,00;0,00;0,00;0,00;0,00;0,00;135,00;0,00;135,00
1;10;PEDRA;20052026;3;COMPRA PARA COMERCIALIZAÇAO - NOTA BRANCA;EFETIVADA;20/05/2026;21/05/2026;0,00;0,00;0,00;0,00;0,00;0,00;0,00;0,00;0,00;0,00;700,02;126,00;0,00;0,00;13648,00;000000000002137;MACA GALA SC 850GR;PCT;48,00;1,00;1102;0,00;0,00;0,00;0,00;0,00;0,00;0,00;0,00;0,00;0,00;0,00;0,00;0,00;0,00;200,00;0,00;200,00
1;10;PEDRA;20052026;3;COMPRA PARA COMERCIALIZAÇAO - NOTA BRANCA;EFETIVADA;20/05/2026;21/05/2026;0,00;0,00;0,00;0,00;0,00;0,00;0,00;0,00;0,00;0,00;700,02;126,00;0,00;0,00;13648,00;000000000010525;MANGA PALMER KG;CX;59,70;1,00;1102;0,00;0,00;0,00;0,00;0,00;0,00;0,00;0,00;0,00;0,00;0,00;0,00;0,00;0,00;270,00;0,00;270,00
1;10;PEDRA;20052026;3;COMPRA PARA COMERCIALIZAÇAO - NOTA BRANCA;EFETIVADA;20/05/2026;21/05/2026;0,00;0,00;0,00;0,00;0,00;0,00;0,00;0,00;0,00;0,00;700,02;126,00;0,00;0,00;13648,00;000000000002432;MELAO REI KG;KG;11,80;1,00;1102;0,00;0,00;0,00;0,00;0,00;0,00;0,00;0,00;0,00;0,00;0,00;0,00;0,00;0,00;110,00;0,00;110,00
1;10;PEDRA;20052026;3;COMPRA PARA COMERCIALIZAÇAO - NOTA BRANCA;EFETIVADA;20/05/2026;21/05/2026;0,00;0,00;0,00;0,00;0,00;0,00;0,00;0,00;0,00;0,00;700,02;126,00;0,00;0,00;13648,00;000000000010684;MORANGO BANDEJA UN.;CX;24,00;1,00;1102;0,00;0,00;0,00;0,00;0,00;0,00;0,00;0,00;0,00;0,00;0,00;0,00;0,00;0,00;108,00;0,00;108,00
1;10;PEDRA;20052026;3;COMPRA PARA COMERCIALIZAÇAO - NOTA BRANCA;EFETIVADA;20/05/2026;21/05/2026;0,00;0,00;0,00;0,00;0,00;0,00;0,00;0,00;0,00;0,00;700,02;126,00;0,00;0,00;13648,00;000000000010512;PEPINO JAPONES KG;KG;21,90;1,00;1102;0,00;0,00;0,00;0,00;0,00;0,00;0,00;0,00;0,00;0,00;0,00;0,00;0,00;0,00;95,00;0,00;95,00
1;10;PEDRA;20052026;3;COMPRA PARA COMERCIALIZAÇAO - NOTA BRANCA;EFETIVADA;20/05/2026;21/05/2026;0,00;0,00;0,00;0,00;0,00;0,00;0,00;0,00;0,00;0,00;700,02;126,00;0,00;0,00;13648,00;000000000010513;PEPINO KG;CX;21,40;1,00;1102;0,00;0,00;0,00;0,00;0,00;0,00;0,00;0,00;0,00;0,00;0,00;0,00;0,00;0,00;85,00;0,00;85,00
1;10;PEDRA;20052026;3;COMPRA PARA COMERCIALIZAÇAO - NOTA BRANCA;EFETIVADA;20/05/2026;21/05/2026;0,00;0,00;0,00;0,00;0,00;0,00;0,00;0,00;0,00;0,00;700,02;126,00;0,00;0,00;13648,00;000000000003375;PERA PORTUGUESA KG;KG;10,80;1,00;1102;0,00;0,00;0,00;0,00;0,00;0,00;0,00;0,00;0,00;0,00;0,00;0,00;0,00;0,00;190,00;0,00;190,00
1;10;PEDRA;20052026;3;COMPRA PARA COMERCIALIZAÇAO - NOTA BRANCA;EFETIVADA;20/05/2026;21/05/2026;0,00;0,00;0,00;0,00;0,00;0,00;0,00;0,00;0,00;0,00;700,02;126,00;0,00;0,00;13648,00;000000000007660;PERA WILLIAM KG;KG;18,30;1,00;1102;0,00;0,00;0,00;0,00;0,00;0,00;0,00;0,00;0,00;0,00;0,00;0,00;0,00;0,00;140,00;0,00;140,00
1;10;PEDRA;20052026;3;COMPRA PARA COMERCIALIZAÇAO - NOTA BRANCA;EFETIVADA;20/05/2026;21/05/2026;0,00;0,00;0,00;0,00;0,00;0,00;0,00;0,00;0,00;0,00;700,02;126,00;0,00;0,00;13648,00;000000000010507;QUIABO KG;CX;77,70;1,00;1102;0,00;0,00;0,00;0,00;0,00;0,00;0,00;0,00;0,00;0,00;0,00;0,00;0,00;0,00;945,00;0,00;945,00
1;10;PEDRA;20052026;3;COMPRA PARA COMERCIALIZAÇAO - NOTA BRANCA;EFETIVADA;20/05/2026;21/05/2026;0,00;0,00;0,00;0,00;0,00;0,00;0,00;0,00;0,00;0,00;700,02;126,00;0,00;0,00;13648,00;000000000011761;TANGERINA POKAN KG;CX;238,70;1,00;1102;0,00;0,00;0,00;0,00;0,00;0,00;0,00;0,00;0,00;0,00;0,00;0,00;0,00;0,00;620,00;0,00;620,00
1;10;PEDRA;20052026;3;COMPRA PARA COMERCIALIZAÇAO - NOTA BRANCA;EFETIVADA;20/05/2026;21/05/2026;0,00;0,00;0,00;0,00;0,00;0,00;0,00;0,00;0,00;0,00;700,02;126,00;0,00;0,00;13648,00;000000000002497;TOMATE CARMEM KG;CX;86,70;1,00;1102;0,00;0,00;0,00;0,00;0,00;0,00;0,00;0,00;0,00;0,00;0,00;0,00;0,00;0,00;660,00;0,00;660,00
1;10;PEDRA;20052026;3;COMPRA PARA COMERCIALIZAÇAO - NOTA BRANCA;EFETIVADA;20/05/2026;21/05/2026;0,00;0,00;0,00;0,00;0,00;0,00;0,00;0,00;0,00;0,00;700,02;126,00;0,00;0,00;13648,00;000000000010772;TOMATE ITALIANO KG;CX;167,90;1,00;1102;0,00;0,00;0,00;0,00;0,00;0,00;0,00;0,00;0,00;0,00;0,00;0,00;0,00;0,00;1155,00;0,00;1155,00
1;10;PEDRA;20052026;3;COMPRA PARA COMERCIALIZAÇAO - NOTA BRANCA;EFETIVADA;20/05/2026;21/05/2026;0,00;0,00;0,00;0,00;0,00;0,00;0,00;0,00;0,00;0,00;700,02;126,00;0,00;0,00;13648,00;000000000019191;UVA PRETA S/ CAROCO BDJ 500G;CX;50,00;1,00;1102;0,00;0,00;0,00;0,00;0,00;0,00;0,00;0,00;0,00;0,00;0,00;0,00;0,00;0,00;275,00;0,00;275,00
1;10;PEDRA;22052026;3;COMPRA PARA COMERCIALIZAÇAO - NOTA BRANCA;EFETIVADA;22/05/2026;23/05/2026;0,00;0,00;0,00;0,00;0,00;0,00;0,00;0,00;0,00;0,00;683,35;125,00;0,00;0,00;18015,00;000000000010523;ABACATE KG;CX;36,90;1,00;1102;0,00;0,00;0,00;0,00;0,00;0,00;0,00;0,00;0,00;0,00;0,00;0,00;0,00;0,00;100,00;0,00;100,00
1;10;PEDRA;22052026;3;COMPRA PARA COMERCIALIZAÇAO - NOTA BRANCA;EFETIVADA;22/05/2026;23/05/2026;0,00;0,00;0,00;0,00;0,00;0,00;0,00;0,00;0,00;0,00;683,35;125,00;0,00;0,00;18015,00;000000000004793;ABOBORA SERGIPANA KG;KG;1,00;120,00;1102;0,00;0,00;0,00;0,00;0,00;0,00;0,00;0,00;0,00;0,00;0,00;0,00;0,00;0,00;3,30;0,00;396,00
1;10;PEDRA;22052026;3;COMPRA PARA COMERCIALIZAÇAO - NOTA BRANCA;EFETIVADA;22/05/2026;23/05/2026;0,00;0,00;0,00;0,00;0,00;0,00;0,00;0,00;0,00;0,00;683,35;125,00;0,00;0,00;18015,00;000000000010505;ABOBRINHA KG;CX;58,70;1,00;1102;0,00;0,00;0,00;0,00;0,00;0,00;0,00;0,00;0,00;0,00;0,00;0,00;0,00;0,00;225,00;0,00;225,00
1;10;PEDRA;22052026;3;COMPRA PARA COMERCIALIZAÇAO - NOTA BRANCA;EFETIVADA;22/05/2026;23/05/2026;0,00;0,00;0,00;0,00;0,00;0,00;0,00;0,00;0,00;0,00;683,35;125,00;0,00;0,00;18015,00;000000000011048;AIPIM KG;KG;80,70;1,00;1102;0,00;0,00;0,00;0,00;0,00;0,00;0,00;0,00;0,00;0,00;0,00;0,00;0,00;0,00;150,00;0,00;150,00
1;10;PEDRA;22052026;3;COMPRA PARA COMERCIALIZAÇAO - NOTA BRANCA;EFETIVADA;22/05/2026;23/05/2026;0,00;0,00;0,00;0,00;0,00;0,00;0,00;0,00;0,00;0,00;683,35;125,00;0,00;0,00;18015,00;000000000002496;ALHO KG;CX;107,70;1,00;1102;0,00;0,00;0,00;0,00;583,35;105,00;0,00;0,00;0,00;0,00;0,00;0,00;0,00;0,00;1500,00;0,00;1500,00
1;10;PEDRA;22052026;3;COMPRA PARA COMERCIALIZAÇAO - NOTA BRANCA;EFETIVADA;22/05/2026;23/05/2026;0,00;0,00;0,00;0,00;0,00;0,00;0,00;0,00;0,00;0,00;683,35;125,00;0,00;0,00;18015,00;000000000010518;BANANA DAGUA KG;CX;44,90;1,00;1102;0,00;0,00;0,00;0,00;0,00;0,00;0,00;0,00;0,00;0,00;0,00;0,00;0,00;0,00;120,00;0,00;120,00
1;10;PEDRA;22052026;3;COMPRA PARA COMERCIALIZAÇAO - NOTA BRANCA;EFETIVADA;22/05/2026;23/05/2026;0,00;0,00;0,00;0,00;0,00;0,00;0,00;0,00;0,00;0,00;683,35;125,00;0,00;0,00;18015,00;000000000004801;BANANA PRATA KG;CX;248,70;1,00;1102;0,00;0,00;0,00;0,00;0,00;0,00;0,00;0,00;0,00;0,00;0,00;0,00;0,00;0,00;800,00;0,00;800,00
1;10;PEDRA;22052026;3;COMPRA PARA COMERCIALIZAÇAO - NOTA BRANCA;EFETIVADA;22/05/2026;23/05/2026;0,00;0,00;0,00;0,00;0,00;0,00;0,00;0,00;0,00;0,00;683,35;125,00;0,00;0,00;18015,00;000000000010685;BATATA BAROA BANDEJA;UN;20,00;1,00;1102;0,00;0,00;0,00;0,00;0,00;0,00;0,00;0,00;0,00;0,00;0,00;0,00;0,00;0,00;70,00;0,00;70,00
1;10;PEDRA;22052026;3;COMPRA PARA COMERCIALIZAÇAO - NOTA BRANCA;EFETIVADA;22/05/2026;23/05/2026;0,00;0,00;0,00;0,00;0,00;0,00;0,00;0,00;0,00;0,00;683,35;125,00;0,00;0,00;18015,00;000000000002494;BATATA LISA KG;SC;375,00;1,00;1102;0,00;0,00;0,00;0,00;0,00;0,00;0,00;0,00;0,00;0,00;0,00;0,00;0,00;0,00;2325,00;0,00;2325,00
1;10;PEDRA;22052026;3;COMPRA PARA COMERCIALIZAÇAO - NOTA BRANCA;EFETIVADA;22/05/2026;23/05/2026;0,00;0,00;0,00;0,00;0,00;0,00;0,00;0,00;0,00;0,00;683,35;125,00;0,00;0,00;18015,00;000000000010506;BERINJELA KG;CX;13,90;1,00;1102;0,00;0,00;0,00;0,00;0,00;0,00;0,00;0,00;0,00;0,00;0,00;0,00;0,00;0,00;55,00;0,00;55,00
1;10;PEDRA;22052026;3;COMPRA PARA COMERCIALIZAÇAO - NOTA BRANCA;EFETIVADA;22/05/2026;23/05/2026;0,00;0,00;0,00;0,00;0,00;0,00;0,00;0,00;0,00;0,00;683,35;125,00;0,00;0,00;18015,00;000000000004798;BETERRABA KG;SC;62,70;1,00;1102;0,00;0,00;0,00;0,00;0,00;0,00;0,00;0,00;0,00;0,00;0,00;0,00;0,00;0,00;255,00;0,00;255,00
1;10;PEDRA;22052026;3;COMPRA PARA COMERCIALIZAÇAO - NOTA BRANCA;EFETIVADA;22/05/2026;23/05/2026;0,00;0,00;0,00;0,00;0,00;0,00;0,00;0,00;0,00;0,00;683,35;125,00;0,00;0,00;18015,00;000000000012309;BROCOLIS UN;UN;54,00;1,00;1102;0,00;0,00;0,00;0,00;0,00;0,00;0,00;0,00;0,00;0,00;0,00;0,00;0,00;0,00;324,00;0,00;324,00
1;10;PEDRA;22052026;3;COMPRA PARA COMERCIALIZAÇAO - NOTA BRANCA;EFETIVADA;22/05/2026;23/05/2026;0,00;0,00;0,00;0,00;0,00;0,00;0,00;0,00;0,00;0,00;683,35;125,00;0,00;0,00;18015,00;000000000002495;CEBOLA GRAUDA KG;SC;208,70;1,00;1102;0,00;0,00;0,00;0,00;0,00;0,00;0,00;0,00;0,00;0,00;0,00;0,00;0,00;0,00;850,00;0,00;850,00
1;10;PEDRA;22052026;3;COMPRA PARA COMERCIALIZAÇAO - NOTA BRANCA;EFETIVADA;22/05/2026;23/05/2026;0,00;0,00;0,00;0,00;0,00;0,00;0,00;0,00;0,00;0,00;683,35;125,00;0,00;0,00;18015,00;000000000010509;CEBOLA ROXA KG;SC;19,70;1,00;1102;0,00;0,00;0,00;0,00;0,00;0,00;0,00;0,00;0,00;0,00;0,00;0,00;0,00;0,00;115,00;0,00;115,00
1;10;PEDRA;22052026;3;COMPRA PARA COMERCIALIZAÇAO - NOTA BRANCA;EFETIVADA;22/05/2026;23/05/2026;0,00;0,00;0,00;0,00;0,00;0,00;0,00;0,00;0,00;0,00;683,35;125,00;0,00;0,00;18015,00;000000000004799;CENOURA KG;CX;179,80;1,00;1102;0,00;0,00;0,00;0,00;0,00;0,00;0,00;0,00;0,00;0,00;0,00;0,00;0,00;0,00;1160,00;0,00;1160,00
1;10;PEDRA;22052026;3;COMPRA PARA COMERCIALIZAÇAO - NOTA BRANCA;EFETIVADA;22/05/2026;23/05/2026;0,00;0,00;0,00;0,00;0,00;0,00;0,00;0,00;0,00;0,00;683,35;125,00;0,00;0,00;18015,00;000000000004796;CHUCHU KG;CX;60,80;1,00;1102;0,00;0,00;0,00;0,00;0,00;0,00;0,00;0,00;0,00;0,00;0,00;0,00;0,00;0,00;150,00;0,00;150,00
1;10;PEDRA;22052026;3;COMPRA PARA COMERCIALIZAÇAO - NOTA BRANCA;EFETIVADA;22/05/2026;23/05/2026;0,00;0,00;0,00;0,00;0,00;0,00;0,00;0,00;0,00;0,00;683,35;125,00;0,00;0,00;18015,00;000000000010526;COCO SECO KG;CX;30,00;1,00;1102;0,00;0,00;0,00;0,00;100,00;20,00;0,00;0,00;0,00;0,00;0,00;0,00;0,00;0,00;100,00;0,00;100,00
1;10;PEDRA;22052026;3;COMPRA PARA COMERCIALIZAÇAO - NOTA BRANCA;EFETIVADA;22/05/2026;23/05/2026;0,00;0,00;0,00;0,00;0,00;0,00;0,00;0,00;0,00;0,00;683,35;125,00;0,00;0,00;18015,00;000000000004804;INHAME KG;SC;64,90;1,00;1102;0,00;0,00;0,00;0,00;0,00;0,00;0,00;0,00;0,00;0,00;0,00;0,00;0,00;0,00;180,00;0,00;180,00
1;10;PEDRA;22052026;3;COMPRA PARA COMERCIALIZAÇAO - NOTA BRANCA;EFETIVADA;22/05/2026;23/05/2026;0,00;0,00;0,00;0,00;0,00;0,00;0,00;0,00;0,00;0,00;683,35;125,00;0,00;0,00;18015,00;000000000007658;LARANJA BAHIA KG;KG;20,00;1,00;1102;0,00;0,00;0,00;0,00;0,00;0,00;0,00;0,00;0,00;0,00;0,00;0,00;0,00;0,00;125,00;0,00;125,00
1;10;PEDRA;22052026;3;COMPRA PARA COMERCIALIZAÇAO - NOTA BRANCA;EFETIVADA;22/05/2026;23/05/2026;0,00;0,00;0,00;0,00;0,00;0,00;0,00;0,00;0,00;0,00;683,35;125,00;0,00;0,00;18015,00;000000000010530;MACA  ARGENTINA KG;CX;18,80;1,00;1102;0,00;0,00;0,00;0,00;0,00;0,00;0,00;0,00;0,00;0,00;0,00;0,00;0,00;0,00;210,00;0,00;210,00
1;10;PEDRA;22052026;3;COMPRA PARA COMERCIALIZAÇAO - NOTA BRANCA;EFETIVADA;22/05/2026;23/05/2026;0,00;0,00;0,00;0,00;0,00;0,00;0,00;0,00;0,00;0,00;683,35;125,00;0,00;0,00;18015,00;000000000010627;MACA GALA KG;CX;36,60;1,00;1102;0,00;0,00;0,00;0,00;0,00;0,00;0,00;0,00;0,00;0,00;0,00;0,00;0,00;0,00;250,00;0,00;250,00
1;10;PEDRA;22052026;3;COMPRA PARA COMERCIALIZAÇAO - NOTA BRANCA;EFETIVADA;22/05/2026;23/05/2026;0,00;0,00;0,00;0,00;0,00;0,00;0,00;0,00;0,00;0,00;683,35;125,00;0,00;0,00;18015,00;000000000002137;MACA GALA SC 850GR;PCT;72,00;1,00;1102;0,00;0,00;0,00;0,00;0,00;0,00;0,00;0,00;0,00;0,00;0,00;0,00;0,00;0,00;300,00;0,00;300,00
1;10;PEDRA;22052026;3;COMPRA PARA COMERCIALIZAÇAO - NOTA BRANCA;EFETIVADA;22/05/2026;23/05/2026;0,00;0,00;0,00;0,00;0,00;0,00;0,00;0,00;0,00;0,00;683,35;125,00;0,00;0,00;18015,00;000000000007657;MAMAO FORMOSA KG;CX;26,70;1,00;1102;0,00;0,00;0,00;0,00;0,00;0,00;0,00;0,00;0,00;0,00;0,00;0,00;0,00;0,00;80,00;0,00;80,00
1;10;PEDRA;22052026;3;COMPRA PARA COMERCIALIZAÇAO - NOTA BRANCA;EFETIVADA;22/05/2026;23/05/2026;0,00;0,00;0,00;0,00;0,00;0,00;0,00;0,00;0,00;0,00;683,35;125,00;0,00;0,00;18015,00;000000000005062;MAMAO PAPAIA UN.;CX;72,00;1,00;1102;0,00;0,00;0,00;0,00;0,00;0,00;0,00;0,00;0,00;0,00;0,00;0,00;0,00;0,00;270,00;0,00;270,00
1;10;PEDRA;22052026;3;COMPRA PARA COMERCIALIZAÇAO - NOTA BRANCA;EFETIVADA;22/05/2026;23/05/2026;0,00;0,00;0,00;0,00;0,00;0,00;0,00;0,00;0,00;0,00;683,35;125,00;0,00;0,00;18015,00;000000000010522;MARACUJA KG;CX;79,00;1,00;1102;0,00;0,00;0,00;0,00;0,00;0,00;0,00;0,00;0,00;0,00;0,00;0,00;0,00;0,00;420,00;0,00;420,00
1;10;PEDRA;22052026;3;COMPRA PARA COMERCIALIZAÇAO - NOTA BRANCA;EFETIVADA;22/05/2026;23/05/2026;0,00;0,00;0,00;0,00;0,00;0,00;0,00;0,00;0,00;0,00;683,35;125,00;0,00;0,00;18015,00;000000000009605;MELANCIA BABY UN.;UN;16,00;1,00;1102;0,00;0,00;0,00;0,00;0,00;0,00;0,00;0,00;0,00;0,00;0,00;0,00;0,00;0,00;110,00;0,00;110,00
1;10;PEDRA;22052026;3;COMPRA PARA COMERCIALIZAÇAO - NOTA BRANCA;EFETIVADA;22/05/2026;23/05/2026;0,00;0,00;0,00;0,00;0,00;0,00;0,00;0,00;0,00;0,00;683,35;125,00;0,00;0,00;18015,00;000000000010521;MELAO COMUM KG;KG;13,70;1,00;1102;0,00;0,00;0,00;0,00;0,00;0,00;0,00;0,00;0,00;0,00;0,00;0,00;0,00;0,00;60,00;0,00;60,00
1;10;PEDRA;22052026;3;COMPRA PARA COMERCIALIZAÇAO - NOTA BRANCA;EFETIVADA;22/05/2026;23/05/2026;0,00;0,00;0,00;0,00;0,00;0,00;0,00;0,00;0,00;0,00;683,35;125,00;0,00;0,00;18015,00;000000000010684;MORANGO BANDEJA UN.;CX;80,00;1,00;1102;0,00;0,00;0,00;0,00;0,00;0,00;0,00;0,00;0,00;0,00;0,00;0,00;0,00;0,00;440,00;0,00;440,00
1;10;PEDRA;22052026;3;COMPRA PARA COMERCIALIZAÇAO - NOTA BRANCA;EFETIVADA;22/05/2026;23/05/2026;0,00;0,00;0,00;0,00;0,00;0,00;0,00;0,00;0,00;0,00;683,35;125,00;0,00;0,00;18015,00;000000000002519;OVOS CARTELA COM 30;CT;12,00;12,00;1102;0,00;0,00;0,00;0,00;0,00;0,00;0,00;0,00;0,00;0,00;0,00;0,00;0,00;0,00;175,00;0,00;2100,00
1;10;PEDRA;22052026;3;COMPRA PARA COMERCIALIZAÇAO - NOTA BRANCA;EFETIVADA;22/05/2026;23/05/2026;0,00;0,00;0,00;0,00;0,00;0,00;0,00;0,00;0,00;0,00;683,35;125,00;0,00;0,00;18015,00;000000000010513;PEPINO KG;CX;20,80;1,00;1102;0,00;0,00;0,00;0,00;0,00;0,00;0,00;0,00;0,00;0,00;0,00;0,00;0,00;0,00;85,00;0,00;85,00
1;10;PEDRA;22052026;3;COMPRA PARA COMERCIALIZAÇAO - NOTA BRANCA;EFETIVADA;22/05/2026;23/05/2026;0,00;0,00;0,00;0,00;0,00;0,00;0,00;0,00;0,00;0,00;683,35;125,00;0,00;0,00;18015,00;000000000007660;PERA WILLIAM KG;KG;18,90;1,00;1102;0,00;0,00;0,00;0,00;0,00;0,00;0,00;0,00;0,00;0,00;0,00;0,00;0,00;0,00;140,00;0,00;140,00
1;10;PEDRA;22052026;3;COMPRA PARA COMERCIALIZAÇAO - NOTA BRANCA;EFETIVADA;22/05/2026;23/05/2026;0,00;0,00;0,00;0,00;0,00;0,00;0,00;0,00;0,00;0,00;683,35;125,00;0,00;0,00;18015,00;000000000002502;PIMENTAO KG;CX;80,80;1,00;1102;0,00;0,00;0,00;0,00;0,00;0,00;0,00;0,00;0,00;0,00;0,00;0,00;0,00;0,00;420,00;0,00;420,00
1;10;PEDRA;22052026;3;COMPRA PARA COMERCIALIZAÇAO - NOTA BRANCA;EFETIVADA;22/05/2026;23/05/2026;0,00;0,00;0,00;0,00;0,00;0,00;0,00;0,00;0,00;0,00;683,35;125,00;0,00;0,00;18015,00;000000000011757;PIMENTAO VERMELHO E AMARELO KG;KG;12,90;1,00;1102;0,00;0,00;0,00;0,00;0,00;0,00;0,00;0,00;0,00;0,00;0,00;0,00;0,00;0,00;105,00;0,00;105,00
1;10;PEDRA;22052026;3;COMPRA PARA COMERCIALIZAÇAO - NOTA BRANCA;EFETIVADA;22/05/2026;23/05/2026;0,00;0,00;0,00;0,00;0,00;0,00;0,00;0,00;0,00;0,00;683,35;125,00;0,00;0,00;18015,00;000000000010507;QUIABO KG;CX;82,80;1,00;1102;0,00;0,00;0,00;0,00;0,00;0,00;0,00;0,00;0,00;0,00;0,00;0,00;0,00;0,00;750,00;0,00;750,00
1;10;PEDRA;22052026;3;COMPRA PARA COMERCIALIZAÇAO - NOTA BRANCA;EFETIVADA;22/05/2026;23/05/2026;0,00;0,00;0,00;0,00;0,00;0,00;0,00;0,00;0,00;0,00;683,35;125,00;0,00;0,00;18015,00;000000000010510;REPOLHO KG;CX;83,90;1,00;1102;0,00;0,00;0,00;0,00;0,00;0,00;0,00;0,00;0,00;0,00;0,00;0,00;0,00;0,00;240,00;0,00;240,00
1;10;PEDRA;22052026;3;COMPRA PARA COMERCIALIZAÇAO - NOTA BRANCA;EFETIVADA;22/05/2026;23/05/2026;0,00;0,00;0,00;0,00;0,00;0,00;0,00;0,00;0,00;0,00;683,35;125,00;0,00;0,00;18015,00;000000000002497;TOMATE CARMEM KG;CX;129,40;1,00;1102;0,00;0,00;0,00;0,00;0,00;0,00;0,00;0,00;0,00;0,00;0,00;0,00;0,00;0,00;875,00;0,00;875,00
1;10;PEDRA;22052026;3;COMPRA PARA COMERCIALIZAÇAO - NOTA BRANCA;EFETIVADA;22/05/2026;23/05/2026;0,00;0,00;0,00;0,00;0,00;0,00;0,00;0,00;0,00;0,00;683,35;125,00;0,00;0,00;18015,00;000000000002474;TOMATE GRAPE 180G UN.;CX;24,00;1,00;1102;0,00;0,00;0,00;0,00;0,00;0,00;0,00;0,00;0,00;0,00;0,00;0,00;0,00;0,00;130,00;0,00;130,00
1;10;PEDRA;22052026;3;COMPRA PARA COMERCIALIZAÇAO - NOTA BRANCA;EFETIVADA;22/05/2026;23/05/2026;0,00;0,00;0,00;0,00;0,00;0,00;0,00;0,00;0,00;0,00;683,35;125,00;0,00;0,00;18015,00;000000000010772;TOMATE ITALIANO KG;CX;182,70;1,00;1102;0,00;0,00;0,00;0,00;0,00;0,00;0,00;0,00;0,00;0,00;0,00;0,00;0,00;0,00;1320,00;0,00;1320,00
1;10;PEDRA;22052026;3;COMPRA PARA COMERCIALIZAÇAO - NOTA BRANCA;EFETIVADA;22/05/2026;23/05/2026;0,00;0,00;0,00;0,00;0,00;0,00;0,00;0,00;0,00;0,00;683,35;125,00;0,00;0,00;18015,00;000000000019191;UVA PRETA S/ CAROCO BDJ 500G;CX;60,00;1,00;1102;0,00;0,00;0,00;0,00;0,00;0,00;0,00;0,00;0,00;0,00;0,00;0,00;0,00;0,00;360,00;0,00;360,00
1;10;PEDRA;22052026;3;COMPRA PARA COMERCIALIZAÇAO - NOTA BRANCA;EFETIVADA;22/05/2026;23/05/2026;0,00;0,00;0,00;0,00;0,00;0,00;0,00;0,00;0,00;0,00;683,35;125,00;0,00;0,00;18015,00;000000000019308;UVA VERDE S/ CAROCO BDJ 500G;CX;50,00;1,00;1102;0,00;0,00;0,00;0,00;0,00;0,00;0,00;0,00;0,00;0,00;0,00;0,00;0,00;0,00;350,00;0,00;350,00
2;431;OVOS E PRODUTOS ALIMENTICIOS DE AUSTIN;12052026;3;COMPRA PARA COMERCIALIZAÇAO - NOTA BRANCA;EFETIVADA;12/05/2026;18/05/2026;0,00;0,00;0,00;0,00;0,00;0,00;0,00;0,00;0,00;0,00;0,00;0,00;0,00;0,00;1266,00;000000000008064;OVOS CARTELA COM 20;UN;12,00;10,00;1102;0,00;0,00;0,00;0,00;0,00;0,00;0,00;0,00;0,00;0,00;0,00;0,00;0,00;0,00;126,60;0,00;1266,00
2;198;PATRÃO DAS VERDURAS LTDA;11052026;3;COMPRA PARA COMERCIALIZAÇAO - NOTA BRANCA;EFETIVADA;11/05/2026;11/05/2026;0,00;0,00;0,00;0,00;0,00;0,00;0,00;0,00;0,00;0,00;0,00;0,00;0,00;0,00;637,50;000000000012303;AGRIAO UN.;UN;1,00;15,00;1102;0,00;0,00;0,00;0,00;0,00;0,00;0,00;0,00;0,00;0,00;0,00;0,00;0,00;0,00;1,20;0,00;18,00
2;198;PATRÃO DAS VERDURAS LTDA;11052026;3;COMPRA PARA COMERCIALIZAÇAO - NOTA BRANCA;EFETIVADA;11/05/2026;11/05/2026;0,00;0,00;0,00;0,00;0,00;0,00;0,00;0,00;0,00;0,00;0,00;0,00;0,00;0,00;637,50;000000000012302;ALFACE CRESPA UN.;CX;12,00;8,00;1102;0,00;0,00;0,00;0,00;0,00;0,00;0,00;0,00;0,00;0,00;0,00;0,00;0,00;0,00;15,00;0,00;120,00
2;198;PATRÃO DAS VERDURAS LTDA;11052026;3;COMPRA PARA COMERCIALIZAÇAO - NOTA BRANCA;EFETIVADA;11/05/2026;11/05/2026;0,00;0,00;0,00;0,00;0,00;0,00;0,00;0,00;0,00;0,00;0,00;0,00;0,00;0,00;637,50;000000000012307;CHEIRO VERDE UN.;UN;1,00;60,00;1102;0,00;0,00;0,00;0,00;0,00;0,00;0,00;0,00;0,00;0,00;0,00;0,00;0,00;0,00;1,70;0,00;102,00
2;198;PATRÃO DAS VERDURAS LTDA;11052026;3;COMPRA PARA COMERCIALIZAÇAO - NOTA BRANCA;EFETIVADA;11/05/2026;11/05/2026;0,00;0,00;0,00;0,00;0,00;0,00;0,00;0,00;0,00;0,00;0,00;0,00;0,00;0,00;637,50;000000000012305;COENTRO UN.;UN;1,00;80,00;1102;0,00;0,00;0,00;0,00;0,00;0,00;0,00;0,00;0,00;0,00;0,00;0,00;0,00;0,00;1,70;0,00;136,00
2;198;PATRÃO DAS VERDURAS LTDA;11052026;3;COMPRA PARA COMERCIALIZAÇAO - NOTA BRANCA;EFETIVADA;11/05/2026;11/05/2026;0,00;0,00;0,00;0,00;0,00;0,00;0,00;0,00;0,00;0,00;0,00;0,00;0,00;0,00;637,50;000000000012304;COUVE UN.;UN;1,00;40,00;1102;0,00;0,00;0,00;0,00;0,00;0,00;0,00;0,00;0,00;0,00;0,00;0,00;0,00;0,00;1,50;0,00;60,00
2;198;PATRÃO DAS VERDURAS LTDA;11052026;3;COMPRA PARA COMERCIALIZAÇAO - NOTA BRANCA;EFETIVADA;11/05/2026;11/05/2026;0,00;0,00;0,00;0,00;0,00;0,00;0,00;0,00;0,00;0,00;0,00;0,00;0,00;0,00;637,50;000000000012306;HORTELA UN;UN;1,00;15,00;1102;0,00;0,00;0,00;0,00;0,00;0,00;0,00;0,00;0,00;0,00;0,00;0,00;0,00;0,00;0,90;0,00;13,50
2;198;PATRÃO DAS VERDURAS LTDA;11052026;3;COMPRA PARA COMERCIALIZAÇAO - NOTA BRANCA;EFETIVADA;11/05/2026;11/05/2026;0,00;0,00;0,00;0,00;0,00;0,00;0,00;0,00;0,00;0,00;0,00;0,00;0,00;0,00;637,50;000000000004803;JILO KG;KG;17,00;1,00;1102;0,00;0,00;0,00;0,00;0,00;0,00;0,00;0,00;0,00;0,00;0,00;0,00;0,00;0,00;90,00;0,00;90,00
2;198;PATRÃO DAS VERDURAS LTDA;11052026;3;COMPRA PARA COMERCIALIZAÇAO - NOTA BRANCA;EFETIVADA;11/05/2026;11/05/2026;0,00;0,00;0,00;0,00;0,00;0,00;0,00;0,00;0,00;0,00;0,00;0,00;0,00;0,00;637,50;000000000004405;MOSTARDA UN;UN;1,00;20,00;1102;0,00;0,00;0,00;0,00;0,00;0,00;0,00;0,00;0,00;0,00;0,00;0,00;0,00;0,00;1,50;0,00;30,00
2;198;PATRÃO DAS VERDURAS LTDA;11052026;3;COMPRA PARA COMERCIALIZAÇAO - NOTA BRANCA;EFETIVADA;11/05/2026;11/05/2026;0,00;0,00;0,00;0,00;0,00;0,00;0,00;0,00;0,00;0,00;0,00;0,00;0,00;0,00;637,50;000000000012320;SALSINHA UN;UN;1,00;40,00;1102;0,00;0,00;0,00;0,00;0,00;0,00;0,00;0,00;0,00;0,00;0,00;0,00;0,00;0,00;1,70;0,00;68,00
2;198;PATRÃO DAS VERDURAS LTDA;12052026;3;COMPRA PARA COMERCIALIZAÇAO - NOTA BRANCA;EFETIVADA;12/05/2026;13/05/2026;0,00;0,00;0,00;0,00;0,00;0,00;0,00;0,00;0,00;0,00;0,00;0,00;0,00;0,00;571,00;000000000012303;AGRIAO UN.;UN;1,00;30,00;1102;0,00;0,00;0,00;0,00;0,00;0,00;0,00;0,00;0,00;0,00;0,00;0,00;0,00;0,00;0,90;0,00;27,00
2;198;PATRÃO DAS VERDURAS LTDA;12052026;3;COMPRA PARA COMERCIALIZAÇAO - NOTA BRANCA;EFETIVADA;12/05/2026;13/05/2026;0,00;0,00;0,00;0,00;0,00;0,00;0,00;0,00;0,00;0,00;0,00;0,00;0,00;0,00;571,00;000000000012302;ALFACE CRESPA UN.;CX;12,00;8,00;1102;0,00;0,00;0,00;0,00;0,00;0,00;0,00;0,00;0,00;0,00;0,00;0,00;0,00;0,00;12,00;0,00;96,00
2;198;PATRÃO DAS VERDURAS LTDA;12052026;3;COMPRA PARA COMERCIALIZAÇAO - NOTA BRANCA;EFETIVADA;12/05/2026;13/05/2026;0,00;0,00;0,00;0,00;0,00;0,00;0,00;0,00;0,00;0,00;0,00;0,00;0,00;0,00;571,00;000000000012307;CHEIRO VERDE UN.;UN;1,00;40,00;1102;0,00;0,00;0,00;0,00;0,00;0,00;0,00;0,00;0,00;0,00;0,00;0,00;0,00;0,00;1,30;0,00;52,00
2;198;PATRÃO DAS VERDURAS LTDA;12052026;3;COMPRA PARA COMERCIALIZAÇAO - NOTA BRANCA;EFETIVADA;12/05/2026;13/05/2026;0,00;0,00;0,00;0,00;0,00;0,00;0,00;0,00;0,00;0,00;0,00;0,00;0,00;0,00;571,00;000000000012305;COENTRO UN.;UN;1,00;80,00;1102;0,00;0,00;0,00;0,00;0,00;0,00;0,00;0,00;0,00;0,00;0,00;0,00;0,00;0,00;1,70;0,00;136,00
2;198;PATRÃO DAS VERDURAS LTDA;12052026;3;COMPRA PARA COMERCIALIZAÇAO - NOTA BRANCA;EFETIVADA;12/05/2026;13/05/2026;0,00;0,00;0,00;0,00;0,00;0,00;0,00;0,00;0,00;0,00;0,00;0,00;0,00;0,00;571,00;000000000012304;COUVE UN.;UN;1,00;60,00;1102;0,00;0,00;0,00;0,00;0,00;0,00;0,00;0,00;0,00;0,00;0,00;0,00;0,00;0,00;1,00;0,00;60,00
2;198;PATRÃO DAS VERDURAS LTDA;12052026;3;COMPRA PARA COMERCIALIZAÇAO - NOTA BRANCA;EFETIVADA;12/05/2026;13/05/2026;0,00;0,00;0,00;0,00;0,00;0,00;0,00;0,00;0,00;0,00;0,00;0,00;0,00;0,00;571,00;000000000012306;HORTELA UN;UN;1,00;20,00;1102;0,00;0,00;0,00;0,00;0,00;0,00;0,00;0,00;0,00;0,00;0,00;0,00;0,00;0,00;0,70;0,00;14,00
2;198;PATRÃO DAS VERDURAS LTDA;12052026;3;COMPRA PARA COMERCIALIZAÇAO - NOTA BRANCA;EFETIVADA;12/05/2026;13/05/2026;0,00;0,00;0,00;0,00;0,00;0,00;0,00;0,00;0,00;0,00;0,00;0,00;0,00;0,00;571,00;000000000004803;JILO KG;KG;17,00;1,00;1102;0,00;0,00;0,00;0,00;0,00;0,00;0,00;0,00;0,00;0,00;0,00;0,00;0,00;0,00;90,00;0,00;90,00
2;198;PATRÃO DAS VERDURAS LTDA;12052026;3;COMPRA PARA COMERCIALIZAÇAO - NOTA BRANCA;EFETIVADA;12/05/2026;13/05/2026;0,00;0,00;0,00;0,00;0,00;0,00;0,00;0,00;0,00;0,00;0,00;0,00;0,00;0,00;571,00;000000000004405;MOSTARDA UN;UN;1,00;40,00;1102;0,00;0,00;0,00;0,00;0,00;0,00;0,00;0,00;0,00;0,00;0,00;0,00;0,00;0,00;1,10;0,00;44,00
2;198;PATRÃO DAS VERDURAS LTDA;12052026;3;COMPRA PARA COMERCIALIZAÇAO - NOTA BRANCA;EFETIVADA;12/05/2026;13/05/2026;0,00;0,00;0,00;0,00;0,00;0,00;0,00;0,00;0,00;0,00;0,00;0,00;0,00;0,00;571,00;000000000012320;SALSINHA UN;UN;1,00;40,00;1102;0,00;0,00;0,00;0,00;0,00;0,00;0,00;0,00;0,00;0,00;0,00;0,00;0,00;0,00;1,30;0,00;52,00
2;198;PATRÃO DAS VERDURAS LTDA;15052026;3;COMPRA PARA COMERCIALIZAÇAO - NOTA BRANCA;EFETIVADA;15/05/2026;15/05/2026;0,00;0,00;0,00;0,00;0,00;0,00;0,00;0,00;0,00;0,00;0,00;0,00;0,00;0,00;558,50;000000000012303;AGRIAO UN.;UN;1,00;15,00;1102;0,00;0,00;0,00;0,00;0,00;0,00;0,00;0,00;0,00;0,00;0,00;0,00;0,00;0,00;1,20;0,00;18,00
2;198;PATRÃO DAS VERDURAS LTDA;15052026;3;COMPRA PARA COMERCIALIZAÇAO - NOTA BRANCA;EFETIVADA;15/05/2026;15/05/2026;0,00;0,00;0,00;0,00;0,00;0,00;0,00;0,00;0,00;0,00;0,00;0,00;0,00;0,00;558,50;000000000005642;ALFACE AMERICANA UN.;UN;12,00;1,00;1102;0,00;0,00;0,00;0,00;0,00;0,00;0,00;0,00;0,00;0,00;0,00;0,00;0,00;0,00;30,00;0,00;30,00
2;198;PATRÃO DAS VERDURAS LTDA;15052026;3;COMPRA PARA COMERCIALIZAÇAO - NOTA BRANCA;EFETIVADA;15/05/2026;15/05/2026;0,00;0,00;0,00;0,00;0,00;0,00;0,00;0,00;0,00;0,00;0,00;0,00;0,00;0,00;558,50;000000000012302;ALFACE CRESPA UN.;CX;12,00;6,00;1102;0,00;0,00;0,00;0,00;0,00;0,00;0,00;0,00;0,00;0,00;0,00;0,00;0,00;0,00;15,00;0,00;90,00
2;198;PATRÃO DAS VERDURAS LTDA;15052026;3;COMPRA PARA COMERCIALIZAÇAO - NOTA BRANCA;EFETIVADA;15/05/2026;15/05/2026;0,00;0,00;0,00;0,00;0,00;0,00;0,00;0,00;0,00;0,00;0,00;0,00;0,00;0,00;558,50;000000000012307;CHEIRO VERDE UN.;UN;1,00;30,00;1102;0,00;0,00;0,00;0,00;0,00;0,00;0,00;0,00;0,00;0,00;0,00;0,00;0,00;0,00;1,70;0,00;51,00
2;198;PATRÃO DAS VERDURAS LTDA;15052026;3;COMPRA PARA COMERCIALIZAÇAO - NOTA BRANCA;EFETIVADA;15/05/2026;15/05/2026;0,00;0,00;0,00;0,00;0,00;0,00;0,00;0,00;0,00;0,00;0,00;0,00;0,00;0,00;558,50;000000000012305;COENTRO UN.;UN;1,00;70,00;1102;0,00;0,00;0,00;0,00;0,00;0,00;0,00;0,00;0,00;0,00;0,00;0,00;0,00;0,00;1,70;0,00;119,00
2;198;PATRÃO DAS VERDURAS LTDA;15052026;3;COMPRA PARA COMERCIALIZAÇAO - NOTA BRANCA;EFETIVADA;15/05/2026;15/05/2026;0,00;0,00;0,00;0,00;0,00;0,00;0,00;0,00;0,00;0,00;0,00;0,00;0,00;0,00;558,50;000000000012304;COUVE UN.;UN;1,00;40,00;1102;0,00;0,00;0,00;0,00;0,00;0,00;0,00;0,00;0,00;0,00;0,00;0,00;0,00;0,00;1,50;0,00;60,00
2;198;PATRÃO DAS VERDURAS LTDA;15052026;3;COMPRA PARA COMERCIALIZAÇAO - NOTA BRANCA;EFETIVADA;15/05/2026;15/05/2026;0,00;0,00;0,00;0,00;0,00;0,00;0,00;0,00;0,00;0,00;0,00;0,00;0,00;0,00;558,50;000000000012306;HORTELA UN;UN;1,00;15,00;1102;0,00;0,00;0,00;0,00;0,00;0,00;0,00;0,00;0,00;0,00;0,00;0,00;0,00;0,00;0,90;0,00;13,50
2;198;PATRÃO DAS VERDURAS LTDA;15052026;3;COMPRA PARA COMERCIALIZAÇAO - NOTA BRANCA;EFETIVADA;15/05/2026;15/05/2026;0,00;0,00;0,00;0,00;0,00;0,00;0,00;0,00;0,00;0,00;0,00;0,00;0,00;0,00;558,50;000000000004803;JILO KG;KG;17,00;1,00;1102;0,00;0,00;0,00;0,00;0,00;0,00;0,00;0,00;0,00;0,00;0,00;0,00;0,00;0,00;90,00;0,00;90,00
2;198;PATRÃO DAS VERDURAS LTDA;15052026;3;COMPRA PARA COMERCIALIZAÇAO - NOTA BRANCA;EFETIVADA;15/05/2026;15/05/2026;0,00;0,00;0,00;0,00;0,00;0,00;0,00;0,00;0,00;0,00;0,00;0,00;0,00;0,00;558,50;000000000012312;LOURO UN.;UN;1,00;30,00;1102;0,00;0,00;0,00;0,00;0,00;0,00;0,00;0,00;0,00;0,00;0,00;0,00;0,00;0,00;1,20;0,00;36,00
2;198;PATRÃO DAS VERDURAS LTDA;15052026;3;COMPRA PARA COMERCIALIZAÇAO - NOTA BRANCA;EFETIVADA;15/05/2026;15/05/2026;0,00;0,00;0,00;0,00;0,00;0,00;0,00;0,00;0,00;0,00;0,00;0,00;0,00;0,00;558,50;000000000012320;SALSINHA UN;UN;1,00;30,00;1102;0,00;0,00;0,00;0,00;0,00;0,00;0,00;0,00;0,00;0,00;0,00;0,00;0,00;0,00;1,70;0,00;51,00
2;198;PATRÃO DAS VERDURAS LTDA;14052026;3;COMPRA PARA COMERCIALIZAÇAO - NOTA BRANCA;EFETIVADA;14/05/2026;16/05/2026;0,00;0,00;0,00;0,00;0,00;0,00;0,00;0,00;0,00;0,00;0,00;0,00;0,00;0,00;575,50;000000000012303;AGRIAO UN.;UN;1,00;15,00;1102;0,00;0,00;0,00;0,00;0,00;0,00;0,00;0,00;0,00;0,00;0,00;0,00;0,00;0,00;1,20;0,00;18,00
2;198;PATRÃO DAS VERDURAS LTDA;14052026;3;COMPRA PARA COMERCIALIZAÇAO - NOTA BRANCA;EFETIVADA;14/05/2026;16/05/2026;0,00;0,00;0,00;0,00;0,00;0,00;0,00;0,00;0,00;0,00;0,00;0,00;0,00;0,00;575,50;000000000005642;ALFACE AMERICANA UN.;UN;12,00;1,00;1102;0,00;0,00;0,00;0,00;0,00;0,00;0,00;0,00;0,00;0,00;0,00;0,00;0,00;0,00;30,00;0,00;30,00
2;198;PATRÃO DAS VERDURAS LTDA;14052026;3;COMPRA PARA COMERCIALIZAÇAO - NOTA BRANCA;EFETIVADA;14/05/2026;16/05/2026;0,00;0,00;0,00;0,00;0,00;0,00;0,00;0,00;0,00;0,00;0,00;0,00;0,00;0,00;575,50;000000000012302;ALFACE CRESPA UN.;CX;12,00;6,00;1102;0,00;0,00;0,00;0,00;0,00;0,00;0,00;0,00;0,00;0,00;0,00;0,00;0,00;0,00;15,00;0,00;90,00
2;198;PATRÃO DAS VERDURAS LTDA;14052026;3;COMPRA PARA COMERCIALIZAÇAO - NOTA BRANCA;EFETIVADA;14/05/2026;16/05/2026;0,00;0,00;0,00;0,00;0,00;0,00;0,00;0,00;0,00;0,00;0,00;0,00;0,00;0,00;575,50;000000000012307;CHEIRO VERDE UN.;UN;1,00;30,00;1102;0,00;0,00;0,00;0,00;0,00;0,00;0,00;0,00;0,00;0,00;0,00;0,00;0,00;0,00;1,70;0,00;51,00
2;198;PATRÃO DAS VERDURAS LTDA;14052026;3;COMPRA PARA COMERCIALIZAÇAO - NOTA BRANCA;EFETIVADA;14/05/2026;16/05/2026;0,00;0,00;0,00;0,00;0,00;0,00;0,00;0,00;0,00;0,00;0,00;0,00;0,00;0,00;575,50;000000000012305;COENTRO UN.;UN;1,00;80,00;1102;0,00;0,00;0,00;0,00;0,00;0,00;0,00;0,00;0,00;0,00;0,00;0,00;0,00;0,00;1,70;0,00;136,00
2;198;PATRÃO DAS VERDURAS LTDA;14052026;3;COMPRA PARA COMERCIALIZAÇAO - NOTA BRANCA;EFETIVADA;14/05/2026;16/05/2026;0,00;0,00;0,00;0,00;0,00;0,00;0,00;0,00;0,00;0,00;0,00;0,00;0,00;0,00;575,50;000000000012304;COUVE UN.;UN;1,00;40,00;1102;0,00;0,00;0,00;0,00;0,00;0,00;0,00;0,00;0,00;0,00;0,00;0,00;0,00;0,00;1,50;0,00;60,00
2;198;PATRÃO DAS VERDURAS LTDA;14052026;3;COMPRA PARA COMERCIALIZAÇAO - NOTA BRANCA;EFETIVADA;14/05/2026;16/05/2026;0,00;0,00;0,00;0,00;0,00;0,00;0,00;0,00;0,00;0,00;0,00;0,00;0,00;0,00;575,50;000000000012306;HORTELA UN;UN;1,00;15,00;1102;0,00;0,00;0,00;0,00;0,00;0,00;0,00;0,00;0,00;0,00;0,00;0,00;0,00;0,00;0,90;0,00;13,50
2;198;PATRÃO DAS VERDURAS LTDA;14052026;3;COMPRA PARA COMERCIALIZAÇAO - NOTA BRANCA;EFETIVADA;14/05/2026;16/05/2026;0,00;0,00;0,00;0,00;0,00;0,00;0,00;0,00;0,00;0,00;0,00;0,00;0,00;0,00;575,50;000000000004803;JILO KG;KG;17,00;1,00;1102;0,00;0,00;0,00;0,00;0,00;0,00;0,00;0,00;0,00;0,00;0,00;0,00;0,00;0,00;90,00;0,00;90,00
2;198;PATRÃO DAS VERDURAS LTDA;14052026;3;COMPRA PARA COMERCIALIZAÇAO - NOTA BRANCA;EFETIVADA;14/05/2026;16/05/2026;0,00;0,00;0,00;0,00;0,00;0,00;0,00;0,00;0,00;0,00;0,00;0,00;0,00;0,00;575,50;000000000012312;LOURO UN.;UN;1,00;30,00;1102;0,00;0,00;0,00;0,00;0,00;0,00;0,00;0,00;0,00;0,00;0,00;0,00;0,00;0,00;1,20;0,00;36,00
2;198;PATRÃO DAS VERDURAS LTDA;14052026;3;COMPRA PARA COMERCIALIZAÇAO - NOTA BRANCA;EFETIVADA;14/05/2026;16/05/2026;0,00;0,00;0,00;0,00;0,00;0,00;0,00;0,00;0,00;0,00;0,00;0,00;0,00;0,00;575,50;000000000012320;SALSINHA UN;UN;1,00;30,00;1102;0,00;0,00;0,00;0,00;0,00;0,00;0,00;0,00;0,00;0,00;0,00;0,00;0,00;0,00;1,70;0,00;51,00
2;198;PATRÃO DAS VERDURAS LTDA;18052026;3;COMPRA PARA COMERCIALIZAÇAO - NOTA BRANCA;EFETIVADA;18/05/2026;18/05/2026;0,00;0,00;0,00;0,00;0,00;0,00;0,00;0,00;0,00;0,00;0,00;0,00;0,00;0,00;603,50;000000000012303;AGRIAO UN.;UN;1,00;15,00;1102;0,00;0,00;0,00;0,00;0,00;0,00;0,00;0,00;0,00;0,00;0,00;0,00;0,00;0,00;1,20;0,00;18,00
2;198;PATRÃO DAS VERDURAS LTDA;18052026;3;COMPRA PARA COMERCIALIZAÇAO - NOTA BRANCA;EFETIVADA;18/05/2026;18/05/2026;0,00;0,00;0,00;0,00;0,00;0,00;0,00;0,00;0,00;0,00;0,00;0,00;0,00;0,00;603,50;000000000012302;ALFACE CRESPA UN.;CX;12,00;8,00;1102;0,00;0,00;0,00;0,00;0,00;0,00;0,00;0,00;0,00;0,00;0,00;0,00;0,00;0,00;15,00;0,00;120,00
2;198;PATRÃO DAS VERDURAS LTDA;18052026;3;COMPRA PARA COMERCIALIZAÇAO - NOTA BRANCA;EFETIVADA;18/05/2026;18/05/2026;0,00;0,00;0,00;0,00;0,00;0,00;0,00;0,00;0,00;0,00;0,00;0,00;0,00;0,00;603,50;000000000012307;CHEIRO VERDE UN.;UN;1,00;40,00;1102;0,00;0,00;0,00;0,00;0,00;0,00;0,00;0,00;0,00;0,00;0,00;0,00;0,00;0,00;1,70;0,00;68,00
2;198;PATRÃO DAS VERDURAS LTDA;18052026;3;COMPRA PARA COMERCIALIZAÇAO - NOTA BRANCA;EFETIVADA;18/05/2026;18/05/2026;0,00;0,00;0,00;0,00;0,00;0,00;0,00;0,00;0,00;0,00;0,00;0,00;0,00;0,00;603,50;000000000012305;COENTRO UN.;UN;1,00;80,00;1102;0,00;0,00;0,00;0,00;0,00;0,00;0,00;0,00;0,00;0,00;0,00;0,00;0,00;0,00;1,70;0,00;136,00
2;198;PATRÃO DAS VERDURAS LTDA;18052026;3;COMPRA PARA COMERCIALIZAÇAO - NOTA BRANCA;EFETIVADA;18/05/2026;18/05/2026;0,00;0,00;0,00;0,00;0,00;0,00;0,00;0,00;0,00;0,00;0,00;0,00;0,00;0,00;603,50;000000000012304;COUVE UN.;UN;1,00;40,00;1102;0,00;0,00;0,00;0,00;0,00;0,00;0,00;0,00;0,00;0,00;0,00;0,00;0,00;0,00;1,50;0,00;60,00
2;198;PATRÃO DAS VERDURAS LTDA;18052026;3;COMPRA PARA COMERCIALIZAÇAO - NOTA BRANCA;EFETIVADA;18/05/2026;18/05/2026;0,00;0,00;0,00;0,00;0,00;0,00;0,00;0,00;0,00;0,00;0,00;0,00;0,00;0,00;603,50;000000000012306;HORTELA UN;UN;1,00;15,00;1102;0,00;0,00;0,00;0,00;0,00;0,00;0,00;0,00;0,00;0,00;0,00;0,00;0,00;0,00;0,90;0,00;13,50
2;198;PATRÃO DAS VERDURAS LTDA;18052026;3;COMPRA PARA COMERCIALIZAÇAO - NOTA BRANCA;EFETIVADA;18/05/2026;18/05/2026;0,00;0,00;0,00;0,00;0,00;0,00;0,00;0,00;0,00;0,00;0,00;0,00;0,00;0,00;603,50;000000000004803;JILO KG;KG;17,00;1,00;1102;0,00;0,00;0,00;0,00;0,00;0,00;0,00;0,00;0,00;0,00;0,00;0,00;0,00;0,00;90,00;0,00;90,00
2;198;PATRÃO DAS VERDURAS LTDA;18052026;3;COMPRA PARA COMERCIALIZAÇAO - NOTA BRANCA;EFETIVADA;18/05/2026;18/05/2026;0,00;0,00;0,00;0,00;0,00;0,00;0,00;0,00;0,00;0,00;0,00;0,00;0,00;0,00;603,50;000000000004405;MOSTARDA UN;UN;1,00;20,00;1102;0,00;0,00;0,00;0,00;0,00;0,00;0,00;0,00;0,00;0,00;0,00;0,00;0,00;0,00;1,50;0,00;30,00
2;198;PATRÃO DAS VERDURAS LTDA;18052026;3;COMPRA PARA COMERCIALIZAÇAO - NOTA BRANCA;EFETIVADA;18/05/2026;18/05/2026;0,00;0,00;0,00;0,00;0,00;0,00;0,00;0,00;0,00;0,00;0,00;0,00;0,00;0,00;603,50;000000000012320;SALSINHA UN;UN;1,00;40,00;1102;0,00;0,00;0,00;0,00;0,00;0,00;0,00;0,00;0,00;0,00;0,00;0,00;0,00;0,00;1,70;0,00;68,00
2;198;PATRÃO DAS VERDURAS LTDA;22052026;3;COMPRA PARA COMERCIALIZAÇAO - NOTA BRANCA;EFETIVADA;22/05/2026;22/05/2026;0,00;0,00;0,00;0,00;0,00;0,00;0,00;0,00;0,00;0,00;0,00;0,00;0,00;0,00;526,00;000000000012303;AGRIAO UN.;UN;1,00;20,00;1102;0,00;0,00;0,00;0,00;0,00;0,00;0,00;0,00;0,00;0,00;0,00;0,00;0,00;0,00;1,20;0,00;24,00
2;198;PATRÃO DAS VERDURAS LTDA;22052026;3;COMPRA PARA COMERCIALIZAÇAO - NOTA BRANCA;EFETIVADA;22/05/2026;22/05/2026;0,00;0,00;0,00;0,00;0,00;0,00;0,00;0,00;0,00;0,00;0,00;0,00;0,00;0,00;526,00;000000000012302;ALFACE CRESPA UN.;CX;12,00;8,00;1102;0,00;0,00;0,00;0,00;0,00;0,00;0,00;0,00;0,00;0,00;0,00;0,00;0,00;0,00;15,00;0,00;120,00
2;198;PATRÃO DAS VERDURAS LTDA;22052026;3;COMPRA PARA COMERCIALIZAÇAO - NOTA BRANCA;EFETIVADA;22/05/2026;22/05/2026;0,00;0,00;0,00;0,00;0,00;0,00;0,00;0,00;0,00;0,00;0,00;0,00;0,00;0,00;526,00;000000000012307;CHEIRO VERDE UN.;UN;1,00;30,00;1102;0,00;0,00;0,00;0,00;0,00;0,00;0,00;0,00;0,00;0,00;0,00;0,00;0,00;0,00;1,70;0,00;51,00
2;198;PATRÃO DAS VERDURAS LTDA;22052026;3;COMPRA PARA COMERCIALIZAÇAO - NOTA BRANCA;EFETIVADA;22/05/2026;22/05/2026;0,00;0,00;0,00;0,00;0,00;0,00;0,00;0,00;0,00;0,00;0,00;0,00;0,00;0,00;526,00;000000000012305;COENTRO UN.;UN;1,00;80,00;1102;0,00;0,00;0,00;0,00;0,00;0,00;0,00;0,00;0,00;0,00;0,00;0,00;0,00;0,00;1,70;0,00;136,00
2;198;PATRÃO DAS VERDURAS LTDA;22052026;3;COMPRA PARA COMERCIALIZAÇAO - NOTA BRANCA;EFETIVADA;22/05/2026;22/05/2026;0,00;0,00;0,00;0,00;0,00;0,00;0,00;0,00;0,00;0,00;0,00;0,00;0,00;0,00;526,00;000000000012304;COUVE UN.;UN;1,00;50,00;1102;0,00;0,00;0,00;0,00;0,00;0,00;0,00;0,00;0,00;0,00;0,00;0,00;0,00;0,00;1,50;0,00;75,00
2;198;PATRÃO DAS VERDURAS LTDA;22052026;3;COMPRA PARA COMERCIALIZAÇAO - NOTA BRANCA;EFETIVADA;22/05/2026;22/05/2026;0,00;0,00;0,00;0,00;0,00;0,00;0,00;0,00;0,00;0,00;0,00;0,00;0,00;0,00;526,00;000000000004803;JILO KG;KG;17,00;1,00;1102;0,00;0,00;0,00;0,00;0,00;0,00;0,00;0,00;0,00;0,00;0,00;0,00;0,00;0,00;90,00;0,00;90,00
2;198;PATRÃO DAS VERDURAS LTDA;22052026;3;COMPRA PARA COMERCIALIZAÇAO - NOTA BRANCA;EFETIVADA;22/05/2026;22/05/2026;0,00;0,00;0,00;0,00;0,00;0,00;0,00;0,00;0,00;0,00;0,00;0,00;0,00;0,00;526,00;000000000004405;MOSTARDA UN;UN;1,00;20,00;1102;0,00;0,00;0,00;0,00;0,00;0,00;0,00;0,00;0,00;0,00;0,00;0,00;0,00;0,00;1,50;0,00;30,00
2;10;PEDRA;11052026;3;COMPRA PARA COMERCIALIZAÇAO - NOTA BRANCA;EFETIVADA;11/05/2026;12/05/2026;0,00;0,00;0,00;0,00;0,00;0,00;0,00;0,00;0,00;0,00;150,00;30,00;0,00;0,00;16167,00;000000000010523;ABACATE KG;CX;39,50;1,00;1102;0,00;0,00;0,00;0,00;0,00;0,00;0,00;0,00;0,00;0,00;0,00;0,00;0,00;0,00;100,00;0,00;100,00
2;10;PEDRA;11052026;3;COMPRA PARA COMERCIALIZAÇAO - NOTA BRANCA;EFETIVADA;11/05/2026;12/05/2026;0,00;0,00;0,00;0,00;0,00;0,00;0,00;0,00;0,00;0,00;150,00;30,00;0,00;0,00;16167,00;000000000004793;ABOBORA SERGIPANA KG;KG;1,00;118,00;1102;0,00;0,00;0,00;0,00;0,00;0,00;0,00;0,00;0,00;0,00;0,00;0,00;0,00;0,00;3,50;0,00;413,00
2;10;PEDRA;11052026;3;COMPRA PARA COMERCIALIZAÇAO - NOTA BRANCA;EFETIVADA;11/05/2026;12/05/2026;0,00;0,00;0,00;0,00;0,00;0,00;0,00;0,00;0,00;0,00;150,00;30,00;0,00;0,00;16167,00;000000000010505;ABOBRINHA KG;CX;39,50;1,00;1102;0,00;0,00;0,00;0,00;0,00;0,00;0,00;0,00;0,00;0,00;0,00;0,00;0,00;0,00;100,00;0,00;100,00
2;10;PEDRA;11052026;3;COMPRA PARA COMERCIALIZAÇAO - NOTA BRANCA;EFETIVADA;11/05/2026;12/05/2026;0,00;0,00;0,00;0,00;0,00;0,00;0,00;0,00;0,00;0,00;150,00;30,00;0,00;0,00;16167,00;000000000010518;BANANA DAGUA KG;CX;44,90;1,00;1102;0,00;0,00;0,00;0,00;0,00;0,00;0,00;0,00;0,00;0,00;0,00;0,00;0,00;0,00;120,00;0,00;120,00
2;10;PEDRA;11052026;3;COMPRA PARA COMERCIALIZAÇAO - NOTA BRANCA;EFETIVADA;11/05/2026;12/05/2026;0,00;0,00;0,00;0,00;0,00;0,00;0,00;0,00;0,00;0,00;150,00;30,00;0,00;0,00;16167,00;000000000004801;BANANA PRATA KG;CX;228,70;1,00;1102;0,00;0,00;0,00;0,00;0,00;0,00;0,00;0,00;0,00;0,00;0,00;0,00;0,00;0,00;750,00;0,00;750,00
2;10;PEDRA;11052026;3;COMPRA PARA COMERCIALIZAÇAO - NOTA BRANCA;EFETIVADA;11/05/2026;12/05/2026;0,00;0,00;0,00;0,00;0,00;0,00;0,00;0,00;0,00;0,00;150,00;30,00;0,00;0,00;16167,00;000000000001557;BATATA DOCE KG;UN;43,70;1,00;1102;0,00;0,00;0,00;0,00;0,00;0,00;0,00;0,00;0,00;0,00;0,00;0,00;0,00;0,00;140,00;0,00;140,00
2;10;PEDRA;11052026;3;COMPRA PARA COMERCIALIZAÇAO - NOTA BRANCA;EFETIVADA;11/05/2026;12/05/2026;0,00;0,00;0,00;0,00;0,00;0,00;0,00;0,00;0,00;0,00;150,00;30,00;0,00;0,00;16167,00;000000000002494;BATATA LISA KG;SC;305,00;1,00;1102;0,00;0,00;0,00;0,00;0,00;0,00;0,00;0,00;0,00;0,00;0,00;0,00;0,00;0,00;2100,00;0,00;2100,00
2;10;PEDRA;11052026;3;COMPRA PARA COMERCIALIZAÇAO - NOTA BRANCA;EFETIVADA;11/05/2026;12/05/2026;0,00;0,00;0,00;0,00;0,00;0,00;0,00;0,00;0,00;0,00;150,00;30,00;0,00;0,00;16167,00;000000000010506;BERINJELA KG;CX;12,10;1,00;1102;0,00;0,00;0,00;0,00;0,00;0,00;0,00;0,00;0,00;0,00;0,00;0,00;0,00;0,00;65,00;0,00;65,00
2;10;PEDRA;11052026;3;COMPRA PARA COMERCIALIZAÇAO - NOTA BRANCA;EFETIVADA;11/05/2026;12/05/2026;0,00;0,00;0,00;0,00;0,00;0,00;0,00;0,00;0,00;0,00;150,00;30,00;0,00;0,00;16167,00;000000000004798;BETERRABA KG;SC;42,70;1,00;1102;0,00;0,00;0,00;0,00;0,00;0,00;0,00;0,00;0,00;0,00;0,00;0,00;0,00;0,00;200,00;0,00;200,00
2;10;PEDRA;11052026;3;COMPRA PARA COMERCIALIZAÇAO - NOTA BRANCA;EFETIVADA;11/05/2026;12/05/2026;0,00;0,00;0,00;0,00;0,00;0,00;0,00;0,00;0,00;0,00;150,00;30,00;0,00;0,00;16167,00;000000000012309;BROCOLIS UN;UN;108,00;1,00;1102;0,00;0,00;0,00;0,00;0,00;0,00;0,00;0,00;0,00;0,00;0,00;0,00;0,00;0,00;378,00;0,00;378,00
2;10;PEDRA;11052026;3;COMPRA PARA COMERCIALIZAÇAO - NOTA BRANCA;EFETIVADA;11/05/2026;12/05/2026;0,00;0,00;0,00;0,00;0,00;0,00;0,00;0,00;0,00;0,00;150,00;30,00;0,00;0,00;16167,00;000000000002495;CEBOLA GRAUDA KG;SC;208,00;1,00;1102;0,00;0,00;0,00;0,00;0,00;0,00;0,00;0,00;0,00;0,00;0,00;0,00;0,00;0,00;850,00;0,00;850,00
2;10;PEDRA;11052026;3;COMPRA PARA COMERCIALIZAÇAO - NOTA BRANCA;EFETIVADA;11/05/2026;12/05/2026;0,00;0,00;0,00;0,00;0,00;0,00;0,00;0,00;0,00;0,00;150,00;30,00;0,00;0,00;16167,00;000000000010509;CEBOLA ROXA KG;SC;21,70;1,00;1102;0,00;0,00;0,00;0,00;0,00;0,00;0,00;0,00;0,00;0,00;0,00;0,00;0,00;0,00;115,00;0,00;115,00
2;10;PEDRA;11052026;3;COMPRA PARA COMERCIALIZAÇAO - NOTA BRANCA;EFETIVADA;11/05/2026;12/05/2026;0,00;0,00;0,00;0,00;0,00;0,00;0,00;0,00;0,00;0,00;150,00;30,00;0,00;0,00;16167,00;000000000004799;CENOURA KG;CX;149,00;1,00;1102;0,00;0,00;0,00;0,00;0,00;0,00;0,00;0,00;0,00;0,00;0,00;0,00;0,00;0,00;1015,00;0,00;1015,00
2;10;PEDRA;11052026;3;COMPRA PARA COMERCIALIZAÇAO - NOTA BRANCA;EFETIVADA;11/05/2026;12/05/2026;0,00;0,00;0,00;0,00;0,00;0,00;0,00;0,00;0,00;0,00;150,00;30,00;0,00;0,00;16167,00;000000000004796;CHUCHU KG;CX;58,70;1,00;1102;0,00;0,00;0,00;0,00;0,00;0,00;0,00;0,00;0,00;0,00;0,00;0,00;0,00;0,00;165,00;0,00;165,00
2;10;PEDRA;11052026;3;COMPRA PARA COMERCIALIZAÇAO - NOTA BRANCA;EFETIVADA;11/05/2026;12/05/2026;0,00;0,00;0,00;0,00;0,00;0,00;0,00;0,00;0,00;0,00;150,00;30,00;0,00;0,00;16167,00;000000000010526;COCO SECO KG;CX;46,00;1,00;1102;0,00;0,00;0,00;0,00;150,00;30,00;0,00;0,00;0,00;0,00;0,00;0,00;0,00;0,00;150,00;0,00;150,00
2;10;PEDRA;11052026;3;COMPRA PARA COMERCIALIZAÇAO - NOTA BRANCA;EFETIVADA;11/05/2026;12/05/2026;0,00;0,00;0,00;0,00;0,00;0,00;0,00;0,00;0,00;0,00;150,00;30,00;0,00;0,00;16167,00;000000000010532;KIWI KG;CX;10,90;1,00;1102;0,00;0,00;0,00;0,00;0,00;0,00;0,00;0,00;0,00;0,00;0,00;0,00;0,00;0,00;180,00;0,00;180,00
2;10;PEDRA;11052026;3;COMPRA PARA COMERCIALIZAÇAO - NOTA BRANCA;EFETIVADA;11/05/2026;12/05/2026;0,00;0,00;0,00;0,00;0,00;0,00;0,00;0,00;0,00;0,00;150,00;30,00;0,00;0,00;16167,00;000000000004797;LARANJA PERA KG;CX;140,00;1,00;1102;0,00;0,00;0,00;0,00;0,00;0,00;0,00;0,00;0,00;0,00;0,00;0,00;0,00;0,00;420,00;0,00;420,00
2;10;PEDRA;11052026;3;COMPRA PARA COMERCIALIZAÇAO - NOTA BRANCA;EFETIVADA;11/05/2026;12/05/2026;0,00;0,00;0,00;0,00;0,00;0,00;0,00;0,00;0,00;0,00;150,00;30,00;0,00;0,00;16167,00;000000000002498;LIMAO KG;CX;100,00;1,00;1102;0,00;0,00;0,00;0,00;0,00;0,00;0,00;0,00;0,00;0,00;0,00;0,00;0,00;0,00;250,00;0,00;250,00
2;10;PEDRA;11052026;3;COMPRA PARA COMERCIALIZAÇAO - NOTA BRANCA;EFETIVADA;11/05/2026;12/05/2026;0,00;0,00;0,00;0,00;0,00;0,00;0,00;0,00;0,00;0,00;150,00;30,00;0,00;0,00;16167,00;000000000010627;MACA GALA KG;CX;56,70;1,00;1102;0,00;0,00;0,00;0,00;0,00;0,00;0,00;0,00;0,00;0,00;0,00;0,00;0,00;0,00;375,00;0,00;375,00
2;10;PEDRA;11052026;3;COMPRA PARA COMERCIALIZAÇAO - NOTA BRANCA;EFETIVADA;11/05/2026;12/05/2026;0,00;0,00;0,00;0,00;0,00;0,00;0,00;0,00;0,00;0,00;150,00;30,00;0,00;0,00;16167,00;000000000002137;MACA GALA SC 850GR;PCT;120,00;1,00;1102;0,00;0,00;0,00;0,00;0,00;0,00;0,00;0,00;0,00;0,00;0,00;0,00;0,00;0,00;450,00;0,00;450,00
2;10;PEDRA;11052026;3;COMPRA PARA COMERCIALIZAÇAO - NOTA BRANCA;EFETIVADA;11/05/2026;12/05/2026;0,00;0,00;0,00;0,00;0,00;0,00;0,00;0,00;0,00;0,00;150,00;30,00;0,00;0,00;16167,00;000000000005062;MAMAO PAPAIA UN.;CX;96,00;1,00;1102;0,00;0,00;0,00;0,00;0,00;0,00;0,00;0,00;0,00;0,00;0,00;0,00;0,00;0,00;340,00;0,00;340,00
2;10;PEDRA;11052026;3;COMPRA PARA COMERCIALIZAÇAO - NOTA BRANCA;EFETIVADA;11/05/2026;12/05/2026;0,00;0,00;0,00;0,00;0,00;0,00;0,00;0,00;0,00;0,00;150,00;30,00;0,00;0,00;16167,00;000000000010525;MANGA PALMER KG;CX;91,00;1,00;1102;0,00;0,00;0,00;0,00;0,00;0,00;0,00;0,00;0,00;0,00;0,00;0,00;0,00;0,00;336,00;0,00;336,00
2;10;PEDRA;11052026;3;COMPRA PARA COMERCIALIZAÇAO - NOTA BRANCA;EFETIVADA;11/05/2026;12/05/2026;0,00;0,00;0,00;0,00;0,00;0,00;0,00;0,00;0,00;0,00;150,00;30,00;0,00;0,00;16167,00;000000000010522;MARACUJA KG;CX;126,50;1,00;1102;0,00;0,00;0,00;0,00;0,00;0,00;0,00;0,00;0,00;0,00;0,00;0,00;0,00;0,00;720,00;0,00;720,00
2;10;PEDRA;11052026;3;COMPRA PARA COMERCIALIZAÇAO - NOTA BRANCA;EFETIVADA;11/05/2026;12/05/2026;0,00;0,00;0,00;0,00;0,00;0,00;0,00;0,00;0,00;0,00;150,00;30,00;0,00;0,00;16167,00;000000000010521;MELAO COMUM KG;KG;14,90;1,00;1102;0,00;0,00;0,00;0,00;0,00;0,00;0,00;0,00;0,00;0,00;0,00;0,00;0,00;0,00;60,00;0,00;60,00
2;10;PEDRA;11052026;3;COMPRA PARA COMERCIALIZAÇAO - NOTA BRANCA;EFETIVADA;11/05/2026;12/05/2026;0,00;0,00;0,00;0,00;0,00;0,00;0,00;0,00;0,00;0,00;150,00;30,00;0,00;0,00;16167,00;000000000002519;OVOS CARTELA COM 30;CT;12,00;15,00;1102;0,00;0,00;0,00;0,00;0,00;0,00;0,00;0,00;0,00;0,00;0,00;0,00;0,00;0,00;175,00;0,00;2625,00
2;10;PEDRA;11052026;3;COMPRA PARA COMERCIALIZAÇAO - NOTA BRANCA;EFETIVADA;11/05/2026;12/05/2026;0,00;0,00;0,00;0,00;0,00;0,00;0,00;0,00;0,00;0,00;150,00;30,00;0,00;0,00;16167,00;000000000010512;PEPINO JAPONES KG;KG;21,70;1,00;1102;0,00;0,00;0,00;0,00;0,00;0,00;0,00;0,00;0,00;0,00;0,00;0,00;0,00;0,00;85,00;0,00;85,00
2;10;PEDRA;11052026;3;COMPRA PARA COMERCIALIZAÇAO - NOTA BRANCA;EFETIVADA;11/05/2026;12/05/2026;0,00;0,00;0,00;0,00;0,00;0,00;0,00;0,00;0,00;0,00;150,00;30,00;0,00;0,00;16167,00;000000000010513;PEPINO KG;CX;20,80;1,00;1102;0,00;0,00;0,00;0,00;0,00;0,00;0,00;0,00;0,00;0,00;0,00;0,00;0,00;0,00;80,00;0,00;80,00
2;10;PEDRA;11052026;3;COMPRA PARA COMERCIALIZAÇAO - NOTA BRANCA;EFETIVADA;11/05/2026;12/05/2026;0,00;0,00;0,00;0,00;0,00;0,00;0,00;0,00;0,00;0,00;150,00;30,00;0,00;0,00;16167,00;000000000007660;PERA WILLIAM KG;KG;18,10;1,00;1102;0,00;0,00;0,00;0,00;0,00;0,00;0,00;0,00;0,00;0,00;0,00;0,00;0,00;0,00;140,00;0,00;140,00
2;10;PEDRA;11052026;3;COMPRA PARA COMERCIALIZAÇAO - NOTA BRANCA;EFETIVADA;11/05/2026;12/05/2026;0,00;0,00;0,00;0,00;0,00;0,00;0,00;0,00;0,00;0,00;150,00;30,00;0,00;0,00;16167,00;000000000002502;PIMENTAO KG;CX;77,70;1,00;1102;0,00;0,00;0,00;0,00;0,00;0,00;0,00;0,00;0,00;0,00;0,00;0,00;0,00;0,00;450,00;0,00;450,00
2;10;PEDRA;11052026;3;COMPRA PARA COMERCIALIZAÇAO - NOTA BRANCA;EFETIVADA;11/05/2026;12/05/2026;0,00;0,00;0,00;0,00;0,00;0,00;0,00;0,00;0,00;0,00;150,00;30,00;0,00;0,00;16167,00;000000000010510;REPOLHO KG;CX;62,90;1,00;1102;0,00;0,00;0,00;0,00;0,00;0,00;0,00;0,00;0,00;0,00;0,00;0,00;0,00;0,00;255,00;0,00;255,00
2;10;PEDRA;11052026;3;COMPRA PARA COMERCIALIZAÇAO - NOTA BRANCA;EFETIVADA;11/05/2026;12/05/2026;0,00;0,00;0,00;0,00;0,00;0,00;0,00;0,00;0,00;0,00;150,00;30,00;0,00;0,00;16167,00;000000000011761;TANGERINA POKAN KG;CX;105,00;1,00;1102;0,00;0,00;0,00;0,00;0,00;0,00;0,00;0,00;0,00;0,00;0,00;0,00;0,00;0,00;325,00;0,00;325,00
2;10;PEDRA;11052026;3;COMPRA PARA COMERCIALIZAÇAO - NOTA BRANCA;EFETIVADA;11/05/2026;12/05/2026;0,00;0,00;0,00;0,00;0,00;0,00;0,00;0,00;0,00;0,00;150,00;30,00;0,00;0,00;16167,00;000000000002497;TOMATE CARMEM KG;CX;102,30;1,00;1102;0,00;0,00;0,00;0,00;0,00;0,00;0,00;0,00;0,00;0,00;0,00;0,00;0,00;0,00;580,00;0,00;580,00
2;10;PEDRA;11052026;3;COMPRA PARA COMERCIALIZAÇAO - NOTA BRANCA;EFETIVADA;11/05/2026;12/05/2026;0,00;0,00;0,00;0,00;0,00;0,00;0,00;0,00;0,00;0,00;150,00;30,00;0,00;0,00;16167,00;000000000002474;TOMATE GRAPE 180G UN.;CX;24,00;1,00;1102;0,00;0,00;0,00;0,00;0,00;0,00;0,00;0,00;0,00;0,00;0,00;0,00;0,00;0,00;120,00;0,00;120,00
2;10;PEDRA;11052026;3;COMPRA PARA COMERCIALIZAÇAO - NOTA BRANCA;EFETIVADA;11/05/2026;12/05/2026;0,00;0,00;0,00;0,00;0,00;0,00;0,00;0,00;0,00;0,00;150,00;30,00;0,00;0,00;16167,00;000000000010772;TOMATE ITALIANO KG;CX;146,00;1,00;1102;0,00;0,00;0,00;0,00;0,00;0,00;0,00;0,00;0,00;0,00;0,00;0,00;0,00;0,00;850,00;0,00;850,00
2;10;PEDRA;11052026;3;COMPRA PARA COMERCIALIZAÇAO - NOTA BRANCA;EFETIVADA;11/05/2026;12/05/2026;0,00;0,00;0,00;0,00;0,00;0,00;0,00;0,00;0,00;0,00;150,00;30,00;0,00;0,00;16167,00;000000000019191;UVA PRETA S/ CAROCO BDJ 500G;CX;80,00;1,00;1102;0,00;0,00;0,00;0,00;0,00;0,00;0,00;0,00;0,00;0,00;0,00;0,00;0,00;0,00;440,00;0,00;440,00
2;10;PEDRA;11052026;3;COMPRA PARA COMERCIALIZAÇAO - NOTA BRANCA;EFETIVADA;11/05/2026;12/05/2026;0,00;0,00;0,00;0,00;0,00;0,00;0,00;0,00;0,00;0,00;150,00;30,00;0,00;0,00;16167,00;000000000019308;UVA VERDE S/ CAROCO BDJ 500G;CX;50,00;1,00;1102;0,00;0,00;0,00;0,00;0,00;0,00;0,00;0,00;0,00;0,00;0,00;0,00;0,00;0,00;425,00;0,00;425,00
2;10;PEDRA;13052026;3;COMPRA PARA COMERCIALIZAÇAO - NOTA BRANCA;EFETIVADA;13/05/2026;14/05/2026;0,00;0,00;0,00;0,00;0,00;0,00;0,00;0,00;0,00;0,00;605,57;111,00;0,00;0,00;15887,00;000000000010505;ABOBRINHA KG;CX;38,30;1,00;1102;0,00;0,00;0,00;0,00;0,00;0,00;0,00;0,00;0,00;0,00;0,00;0,00;0,00;0,00;110,00;0,00;110,00
2;10;PEDRA;13052026;3;COMPRA PARA COMERCIALIZAÇAO - NOTA BRANCA;EFETIVADA;13/05/2026;14/05/2026;0,00;0,00;0,00;0,00;0,00;0,00;0,00;0,00;0,00;0,00;605,57;111,00;0,00;0,00;15887,00;000000000002496;ALHO KG;CX;116,70;1,00;1102;0,00;0,00;0,00;0,00;505,57;91,00;0,00;0,00;0,00;0,00;0,00;0,00;0,00;0,00;1300,00;0,00;1300,00
2;10;PEDRA;13052026;3;COMPRA PARA COMERCIALIZAÇAO - NOTA BRANCA;EFETIVADA;13/05/2026;14/05/2026;0,00;0,00;0,00;0,00;0,00;0,00;0,00;0,00;0,00;0,00;605,57;111,00;0,00;0,00;15887,00;000000000002456;BANANA DA TERRA KG;KG;44,90;1,00;1102;0,00;0,00;0,00;0,00;0,00;0,00;0,00;0,00;0,00;0,00;0,00;0,00;0,00;0,00;120,00;0,00;120,00
2;10;PEDRA;13052026;3;COMPRA PARA COMERCIALIZAÇAO - NOTA BRANCA;EFETIVADA;13/05/2026;14/05/2026;0,00;0,00;0,00;0,00;0,00;0,00;0,00;0,00;0,00;0,00;605,57;111,00;0,00;0,00;15887,00;000000000004801;BANANA PRATA KG;CX;228,00;1,00;1102;0,00;0,00;0,00;0,00;0,00;0,00;0,00;0,00;0,00;0,00;0,00;0,00;0,00;0,00;800,00;0,00;800,00
2;10;PEDRA;13052026;3;COMPRA PARA COMERCIALIZAÇAO - NOTA BRANCA;EFETIVADA;13/05/2026;14/05/2026;0,00;0,00;0,00;0,00;0,00;0,00;0,00;0,00;0,00;0,00;605,57;111,00;0,00;0,00;15887,00;000000000001557;BATATA DOCE KG;UN;42,90;1,00;1102;0,00;0,00;0,00;0,00;0,00;0,00;0,00;0,00;0,00;0,00;0,00;0,00;0,00;0,00;144,00;0,00;144,00
2;10;PEDRA;13052026;3;COMPRA PARA COMERCIALIZAÇAO - NOTA BRANCA;EFETIVADA;13/05/2026;14/05/2026;0,00;0,00;0,00;0,00;0,00;0,00;0,00;0,00;0,00;0,00;605,57;111,00;0,00;0,00;15887,00;000000000002494;BATATA LISA KG;SC;308,70;1,00;1102;0,00;0,00;0,00;0,00;0,00;0,00;0,00;0,00;0,00;0,00;0,00;0,00;0,00;0,00;1920,00;0,00;1920,00
2;10;PEDRA;13052026;3;COMPRA PARA COMERCIALIZAÇAO - NOTA BRANCA;EFETIVADA;13/05/2026;14/05/2026;0,00;0,00;0,00;0,00;0,00;0,00;0,00;0,00;0,00;0,00;605,57;111,00;0,00;0,00;15887,00;000000000002495;CEBOLA GRAUDA KG;SC;201,80;1,00;1102;0,00;0,00;0,00;0,00;0,00;0,00;0,00;0,00;0,00;0,00;0,00;0,00;0,00;0,00;850,00;0,00;850,00
2;10;PEDRA;13052026;3;COMPRA PARA COMERCIALIZAÇAO - NOTA BRANCA;EFETIVADA;13/05/2026;14/05/2026;0,00;0,00;0,00;0,00;0,00;0,00;0,00;0,00;0,00;0,00;605,57;111,00;0,00;0,00;15887,00;000000000010509;CEBOLA ROXA KG;SC;19,80;1,00;1102;0,00;0,00;0,00;0,00;0,00;0,00;0,00;0,00;0,00;0,00;0,00;0,00;0,00;0,00;90,00;0,00;90,00
2;10;PEDRA;13052026;3;COMPRA PARA COMERCIALIZAÇAO - NOTA BRANCA;EFETIVADA;13/05/2026;14/05/2026;0,00;0,00;0,00;0,00;0,00;0,00;0,00;0,00;0,00;0,00;605,57;111,00;0,00;0,00;15887,00;000000000004799;CENOURA KG;CX;179,70;1,00;1102;0,00;0,00;0,00;0,00;0,00;0,00;0,00;0,00;0,00;0,00;0,00;0,00;0,00;0,00;1120,00;0,00;1120,00
2;10;PEDRA;13052026;3;COMPRA PARA COMERCIALIZAÇAO - NOTA BRANCA;EFETIVADA;13/05/2026;14/05/2026;0,00;0,00;0,00;0,00;0,00;0,00;0,00;0,00;0,00;0,00;605,57;111,00;0,00;0,00;15887,00;000000000004796;CHUCHU KG;CX;60,80;1,00;1102;0,00;0,00;0,00;0,00;0,00;0,00;0,00;0,00;0,00;0,00;0,00;0,00;0,00;0,00;150,00;0,00;150,00
2;10;PEDRA;13052026;3;COMPRA PARA COMERCIALIZAÇAO - NOTA BRANCA;EFETIVADA;13/05/2026;14/05/2026;0,00;0,00;0,00;0,00;0,00;0,00;0,00;0,00;0,00;0,00;605,57;111,00;0,00;0,00;15887,00;000000000010526;COCO SECO KG;CX;31,30;1,00;1102;0,00;0,00;0,00;0,00;100,00;20,00;0,00;0,00;0,00;0,00;0,00;0,00;0,00;0,00;100,00;0,00;100,00
2;10;PEDRA;13052026;3;COMPRA PARA COMERCIALIZAÇAO - NOTA BRANCA;EFETIVADA;13/05/2026;14/05/2026;0,00;0,00;0,00;0,00;0,00;0,00;0,00;0,00;0,00;0,00;605,57;111,00;0,00;0,00;15887,00;000000000004804;INHAME KG;SC;66,80;1,00;1102;0,00;0,00;0,00;0,00;0,00;0,00;0,00;0,00;0,00;0,00;0,00;0,00;0,00;0,00;225,00;0,00;225,00
2;10;PEDRA;13052026;3;COMPRA PARA COMERCIALIZAÇAO - NOTA BRANCA;EFETIVADA;13/05/2026;14/05/2026;0,00;0,00;0,00;0,00;0,00;0,00;0,00;0,00;0,00;0,00;605,57;111,00;0,00;0,00;15887,00;000000000010532;KIWI KG;CX;11,90;1,00;1102;0,00;0,00;0,00;0,00;0,00;0,00;0,00;0,00;0,00;0,00;0,00;0,00;0,00;0,00;180,00;0,00;180,00
2;10;PEDRA;13052026;3;COMPRA PARA COMERCIALIZAÇAO - NOTA BRANCA;EFETIVADA;13/05/2026;14/05/2026;0,00;0,00;0,00;0,00;0,00;0,00;0,00;0,00;0,00;0,00;605,57;111,00;0,00;0,00;15887,00;000000000004797;LARANJA PERA KG;CX;100,00;1,00;1102;0,00;0,00;0,00;0,00;0,00;0,00;0,00;0,00;0,00;0,00;0,00;0,00;0,00;0,00;300,00;0,00;300,00
2;10;PEDRA;13052026;3;COMPRA PARA COMERCIALIZAÇAO - NOTA BRANCA;EFETIVADA;13/05/2026;14/05/2026;0,00;0,00;0,00;0,00;0,00;0,00;0,00;0,00;0,00;0,00;605,57;111,00;0,00;0,00;15887,00;000000000002498;LIMAO KG;CX;100,00;1,00;1102;0,00;0,00;0,00;0,00;0,00;0,00;0,00;0,00;0,00;0,00;0,00;0,00;0,00;0,00;220,00;0,00;220,00
2;10;PEDRA;13052026;3;COMPRA PARA COMERCIALIZAÇAO - NOTA BRANCA;EFETIVADA;13/05/2026;14/05/2026;0,00;0,00;0,00;0,00;0,00;0,00;0,00;0,00;0,00;0,00;605,57;111,00;0,00;0,00;15887,00;000000000010627;MACA GALA KG;CX;36,90;1,00;1102;0,00;0,00;0,00;0,00;0,00;0,00;0,00;0,00;0,00;0,00;0,00;0,00;0,00;0,00;250,00;0,00;250,00
2;10;PEDRA;13052026;3;COMPRA PARA COMERCIALIZAÇAO - NOTA BRANCA;EFETIVADA;13/05/2026;14/05/2026;0,00;0,00;0,00;0,00;0,00;0,00;0,00;0,00;0,00;0,00;605,57;111,00;0,00;0,00;15887,00;000000000002137;MACA GALA SC 850GR;PCT;48,00;1,00;1102;0,00;0,00;0,00;0,00;0,00;0,00;0,00;0,00;0,00;0,00;0,00;0,00;0,00;0,00;190,00;0,00;190,00
2;10;PEDRA;13052026;3;COMPRA PARA COMERCIALIZAÇAO - NOTA BRANCA;EFETIVADA;13/05/2026;14/05/2026;0,00;0,00;0,00;0,00;0,00;0,00;0,00;0,00;0,00;0,00;605,57;111,00;0,00;0,00;15887,00;000000000010525;MANGA PALMER KG;CX;62,40;1,00;1102;0,00;0,00;0,00;0,00;0,00;0,00;0,00;0,00;0,00;0,00;0,00;0,00;0,00;0,00;270,00;0,00;270,00
2;10;PEDRA;13052026;3;COMPRA PARA COMERCIALIZAÇAO - NOTA BRANCA;EFETIVADA;13/05/2026;14/05/2026;0,00;0,00;0,00;0,00;0,00;0,00;0,00;0,00;0,00;0,00;605,57;111,00;0,00;0,00;15887,00;000000000010522;MARACUJA KG;CX;109,70;1,00;1102;0,00;0,00;0,00;0,00;0,00;0,00;0,00;0,00;0,00;0,00;0,00;0,00;0,00;0,00;600,00;0,00;600,00
2;10;PEDRA;13052026;3;COMPRA PARA COMERCIALIZAÇAO - NOTA BRANCA;EFETIVADA;13/05/2026;14/05/2026;0,00;0,00;0,00;0,00;0,00;0,00;0,00;0,00;0,00;0,00;605,57;111,00;0,00;0,00;15887,00;000000000002519;OVOS CARTELA COM 30;CT;12,00;10,00;1102;0,00;0,00;0,00;0,00;0,00;0,00;0,00;0,00;0,00;0,00;0,00;0,00;0,00;0,00;175,00;0,00;1750,00
2;10;PEDRA;13052026;3;COMPRA PARA COMERCIALIZAÇAO - NOTA BRANCA;EFETIVADA;13/05/2026;14/05/2026;0,00;0,00;0,00;0,00;0,00;0,00;0,00;0,00;0,00;0,00;605,57;111,00;0,00;0,00;15887,00;000000000010512;PEPINO JAPONES KG;KG;20,30;1,00;1102;0,00;0,00;0,00;0,00;0,00;0,00;0,00;0,00;0,00;0,00;0,00;0,00;0,00;0,00;100,00;0,00;100,00
2;10;PEDRA;13052026;3;COMPRA PARA COMERCIALIZAÇAO - NOTA BRANCA;EFETIVADA;13/05/2026;14/05/2026;0,00;0,00;0,00;0,00;0,00;0,00;0,00;0,00;0,00;0,00;605,57;111,00;0,00;0,00;15887,00;000000000007660;PERA WILLIAM KG;KG;18,70;1,00;1102;0,00;0,00;0,00;0,00;0,00;0,00;0,00;0,00;0,00;0,00;0,00;0,00;0,00;0,00;140,00;0,00;140,00
2;10;PEDRA;13052026;3;COMPRA PARA COMERCIALIZAÇAO - NOTA BRANCA;EFETIVADA;13/05/2026;14/05/2026;0,00;0,00;0,00;0,00;0,00;0,00;0,00;0,00;0,00;0,00;605,57;111,00;0,00;0,00;15887,00;000000000002502;PIMENTAO KG;CX;71,70;1,00;1102;0,00;0,00;0,00;0,00;0,00;0,00;0,00;0,00;0,00;0,00;0,00;0,00;0,00;0,00;510,00;0,00;510,00
2;10;PEDRA;13052026;3;COMPRA PARA COMERCIALIZAÇAO - NOTA BRANCA;EFETIVADA;13/05/2026;14/05/2026;0,00;0,00;0,00;0,00;0,00;0,00;0,00;0,00;0,00;0,00;605,57;111,00;0,00;0,00;15887,00;000000000011757;PIMENTAO VERMELHO E AMARELO KG;KG;11,10;1,00;1102;0,00;0,00;0,00;0,00;0,00;0,00;0,00;0,00;0,00;0,00;0,00;0,00;0,00;0,00;115,00;0,00;115,00
2;10;PEDRA;13052026;3;COMPRA PARA COMERCIALIZAÇAO - NOTA BRANCA;EFETIVADA;13/05/2026;14/05/2026;0,00;0,00;0,00;0,00;0,00;0,00;0,00;0,00;0,00;0,00;605,57;111,00;0,00;0,00;15887,00;000000000010507;QUIABO KG;CX;82,80;1,00;1102;0,00;0,00;0,00;0,00;0,00;0,00;0,00;0,00;0,00;0,00;0,00;0,00;0,00;0,00;750,00;0,00;750,00
2;10;PEDRA;13052026;3;COMPRA PARA COMERCIALIZAÇAO - NOTA BRANCA;EFETIVADA;13/05/2026;14/05/2026;0,00;0,00;0,00;0,00;0,00;0,00;0,00;0,00;0,00;0,00;605,57;111,00;0,00;0,00;15887,00;000000000010510;REPOLHO KG;CX;63,40;1,00;1102;0,00;0,00;0,00;0,00;0,00;0,00;0,00;0,00;0,00;0,00;0,00;0,00;0,00;0,00;270,00;0,00;270,00
2;10;PEDRA;13052026;3;COMPRA PARA COMERCIALIZAÇAO - NOTA BRANCA;EFETIVADA;13/05/2026;14/05/2026;0,00;0,00;0,00;0,00;0,00;0,00;0,00;0,00;0,00;0,00;605,57;111,00;0,00;0,00;15887,00;000000000011761;TANGERINA POKAN KG;CX;68,00;1,00;1102;0,00;0,00;0,00;0,00;0,00;0,00;0,00;0,00;0,00;0,00;0,00;0,00;0,00;0,00;248,00;0,00;248,00
2;10;PEDRA;13052026;3;COMPRA PARA COMERCIALIZAÇAO - NOTA BRANCA;EFETIVADA;13/05/2026;14/05/2026;0,00;0,00;0,00;0,00;0,00;0,00;0,00;0,00;0,00;0,00;605,57;111,00;0,00;0,00;15887,00;000000000002497;TOMATE CARMEM KG;CX;135,90;1,00;1102;0,00;0,00;0,00;0,00;0,00;0,00;0,00;0,00;0,00;0,00;0,00;0,00;0,00;0,00;990,00;0,00;990,00
2;10;PEDRA;13052026;3;COMPRA PARA COMERCIALIZAÇAO - NOTA BRANCA;EFETIVADA;13/05/2026;14/05/2026;0,00;0,00;0,00;0,00;0,00;0,00;0,00;0,00;0,00;0,00;605,57;111,00;0,00;0,00;15887,00;000000000002474;TOMATE GRAPE 180G UN.;CX;12,00;1,00;1102;0,00;0,00;0,00;0,00;0,00;0,00;0,00;0,00;0,00;0,00;0,00;0,00;0,00;0,00;65,00;0,00;65,00
2;10;PEDRA;13052026;3;COMPRA PARA COMERCIALIZAÇAO - NOTA BRANCA;EFETIVADA;13/05/2026;14/05/2026;0,00;0,00;0,00;0,00;0,00;0,00;0,00;0,00;0,00;0,00;605,57;111,00;0,00;0,00;15887,00;000000000010772;TOMATE ITALIANO KG;CX;165,00;1,00;1102;0,00;0,00;0,00;0,00;0,00;0,00;0,00;0,00;0,00;0,00;0,00;0,00;0,00;0,00;1155,00;0,00;1155,00
2;10;PEDRA;13052026;3;COMPRA PARA COMERCIALIZAÇAO - NOTA BRANCA;EFETIVADA;13/05/2026;14/05/2026;0,00;0,00;0,00;0,00;0,00;0,00;0,00;0,00;0,00;0,00;605,57;111,00;0,00;0,00;15887,00;000000000019191;UVA PRETA S/ CAROCO BDJ 500G;CX;50,00;1,00;1102;0,00;0,00;0,00;0,00;0,00;0,00;0,00;0,00;0,00;0,00;0,00;0,00;0,00;0,00;260,00;0,00;260,00
2;10;PEDRA;13052026;3;COMPRA PARA COMERCIALIZAÇAO - NOTA BRANCA;EFETIVADA;13/05/2026;14/05/2026;0,00;0,00;0,00;0,00;0,00;0,00;0,00;0,00;0,00;0,00;605,57;111,00;0,00;0,00;15887,00;000000000019308;UVA VERDE S/ CAROCO BDJ 500G;CX;70,00;1,00;1102;0,00;0,00;0,00;0,00;0,00;0,00;0,00;0,00;0,00;0,00;0,00;0,00;0,00;0,00;595,00;0,00;595,00
2;10;PEDRA;15052026;3;COMPRA PARA COMERCIALIZAÇAO - NOTA BRANCA;EFETIVADA;15/05/2026;16/05/2026;0,00;0,00;0,00;0,00;0,00;0,00;0,00;0,00;0,00;0,00;586,12;107,50;0,00;0,00;15599,00;000000000004802;ABACAXI GRANDE UN.;CX;30,00;1,00;1102;0,00;0,00;0,00;0,00;0,00;0,00;0,00;0,00;0,00;0,00;0,00;0,00;0,00;0,00;195,00;0,00;195,00
2;10;PEDRA;15052026;3;COMPRA PARA COMERCIALIZAÇAO - NOTA BRANCA;EFETIVADA;15/05/2026;16/05/2026;0,00;0,00;0,00;0,00;0,00;0,00;0,00;0,00;0,00;0,00;586,12;107,50;0,00;0,00;15599,00;000000000004793;ABOBORA SERGIPANA KG;KG;1,00;150,00;1102;0,00;0,00;0,00;0,00;0,00;0,00;0,00;0,00;0,00;0,00;0,00;0,00;0,00;0,00;3,30;0,00;495,00
2;10;PEDRA;15052026;3;COMPRA PARA COMERCIALIZAÇAO - NOTA BRANCA;EFETIVADA;15/05/2026;16/05/2026;0,00;0,00;0,00;0,00;0,00;0,00;0,00;0,00;0,00;0,00;586,12;107,50;0,00;0,00;15599,00;000000000010505;ABOBRINHA KG;CX;40,20;1,00;1102;0,00;0,00;0,00;0,00;0,00;0,00;0,00;0,00;0,00;0,00;0,00;0,00;0,00;0,00;110,00;0,00;110,00
2;10;PEDRA;15052026;3;COMPRA PARA COMERCIALIZAÇAO - NOTA BRANCA;EFETIVADA;15/05/2026;16/05/2026;0,00;0,00;0,00;0,00;0,00;0,00;0,00;0,00;0,00;0,00;586,12;107,50;0,00;0,00;15599,00;000000000002496;ALHO KG;CX;110,80;1,00;1102;0,00;0,00;0,00;0,00;486,12;87,50;0,00;0,00;0,00;0,00;0,00;0,00;0,00;0,00;1250,00;0,00;1250,00
2;10;PEDRA;15052026;3;COMPRA PARA COMERCIALIZAÇAO - NOTA BRANCA;EFETIVADA;15/05/2026;16/05/2026;0,00;0,00;0,00;0,00;0,00;0,00;0,00;0,00;0,00;0,00;586,12;107,50;0,00;0,00;15599,00;000000000010518;BANANA DAGUA KG;CX;44,70;1,00;1102;0,00;0,00;0,00;0,00;0,00;0,00;0,00;0,00;0,00;0,00;0,00;0,00;0,00;0,00;120,00;0,00;120,00
2;10;PEDRA;15052026;3;COMPRA PARA COMERCIALIZAÇAO - NOTA BRANCA;EFETIVADA;15/05/2026;16/05/2026;0,00;0,00;0,00;0,00;0,00;0,00;0,00;0,00;0,00;0,00;586,12;107,50;0,00;0,00;15599,00;000000000004801;BANANA PRATA KG;CX;237,90;1,00;1102;0,00;0,00;0,00;0,00;0,00;0,00;0,00;0,00;0,00;0,00;0,00;0,00;0,00;0,00;800,00;0,00;800,00
2;10;PEDRA;15052026;3;COMPRA PARA COMERCIALIZAÇAO - NOTA BRANCA;EFETIVADA;15/05/2026;16/05/2026;0,00;0,00;0,00;0,00;0,00;0,00;0,00;0,00;0,00;0,00;586,12;107,50;0,00;0,00;15599,00;000000000001557;BATATA DOCE KG;UN;43,80;1,00;1102;0,00;0,00;0,00;0,00;0,00;0,00;0,00;0,00;0,00;0,00;0,00;0,00;0,00;0,00;140,00;0,00;140,00
2;10;PEDRA;15052026;3;COMPRA PARA COMERCIALIZAÇAO - NOTA BRANCA;EFETIVADA;15/05/2026;16/05/2026;0,00;0,00;0,00;0,00;0,00;0,00;0,00;0,00;0,00;0,00;586,12;107,50;0,00;0,00;15599,00;000000000002494;BATATA LISA KG;SC;378,90;1,00;1102;0,00;0,00;0,00;0,00;0,00;0,00;0,00;0,00;0,00;0,00;0,00;0,00;0,00;0,00;2325,00;0,00;2325,00
2;10;PEDRA;15052026;3;COMPRA PARA COMERCIALIZAÇAO - NOTA BRANCA;EFETIVADA;15/05/2026;16/05/2026;0,00;0,00;0,00;0,00;0,00;0,00;0,00;0,00;0,00;0,00;586,12;107,50;0,00;0,00;15599,00;000000000004798;BETERRABA KG;SC;39,90;1,00;1102;0,00;0,00;0,00;0,00;0,00;0,00;0,00;0,00;0,00;0,00;0,00;0,00;0,00;0,00;190,00;0,00;190,00
2;10;PEDRA;15052026;3;COMPRA PARA COMERCIALIZAÇAO - NOTA BRANCA;EFETIVADA;15/05/2026;16/05/2026;0,00;0,00;0,00;0,00;0,00;0,00;0,00;0,00;0,00;0,00;586,12;107,50;0,00;0,00;15599,00;000000000012309;BROCOLIS UN;UN;54,00;1,00;1102;0,00;0,00;0,00;0,00;0,00;0,00;0,00;0,00;0,00;0,00;0,00;0,00;0,00;0,00;270,00;0,00;270,00
2;10;PEDRA;15052026;3;COMPRA PARA COMERCIALIZAÇAO - NOTA BRANCA;EFETIVADA;15/05/2026;16/05/2026;0,00;0,00;0,00;0,00;0,00;0,00;0,00;0,00;0,00;0,00;586,12;107,50;0,00;0,00;15599,00;000000000002495;CEBOLA GRAUDA KG;SC;201,00;1,00;1102;0,00;0,00;0,00;0,00;0,00;0,00;0,00;0,00;0,00;0,00;0,00;0,00;0,00;0,00;850,00;0,00;850,00
2;10;PEDRA;15052026;3;COMPRA PARA COMERCIALIZAÇAO - NOTA BRANCA;EFETIVADA;15/05/2026;16/05/2026;0,00;0,00;0,00;0,00;0,00;0,00;0,00;0,00;0,00;0,00;586,12;107,50;0,00;0,00;15599,00;000000000004799;CENOURA KG;CX;161,90;1,00;1102;0,00;0,00;0,00;0,00;0,00;0,00;0,00;0,00;0,00;0,00;0,00;0,00;0,00;0,00;980,00;0,00;980,00
2;10;PEDRA;15052026;3;COMPRA PARA COMERCIALIZAÇAO - NOTA BRANCA;EFETIVADA;15/05/2026;16/05/2026;0,00;0,00;0,00;0,00;0,00;0,00;0,00;0,00;0,00;0,00;586,12;107,50;0,00;0,00;15599,00;000000000004796;CHUCHU KG;CX;40,90;1,00;1102;0,00;0,00;0,00;0,00;0,00;0,00;0,00;0,00;0,00;0,00;0,00;0,00;0,00;0,00;100,00;0,00;100,00
2;10;PEDRA;15052026;3;COMPRA PARA COMERCIALIZAÇAO - NOTA BRANCA;EFETIVADA;15/05/2026;16/05/2026;0,00;0,00;0,00;0,00;0,00;0,00;0,00;0,00;0,00;0,00;586,12;107,50;0,00;0,00;15599,00;000000000010526;COCO SECO KG;CX;30,00;1,00;1102;0,00;0,00;0,00;0,00;100,00;20,00;0,00;0,00;0,00;0,00;0,00;0,00;0,00;0,00;100,00;0,00;100,00
2;10;PEDRA;15052026;3;COMPRA PARA COMERCIALIZAÇAO - NOTA BRANCA;EFETIVADA;15/05/2026;16/05/2026;0,00;0,00;0,00;0,00;0,00;0,00;0,00;0,00;0,00;0,00;586,12;107,50;0,00;0,00;15599,00;000000000004804;INHAME KG;SC;42,90;1,00;1102;0,00;0,00;0,00;0,00;0,00;0,00;0,00;0,00;0,00;0,00;0,00;0,00;0,00;0,00;150,00;0,00;150,00
2;10;PEDRA;15052026;3;COMPRA PARA COMERCIALIZAÇAO - NOTA BRANCA;EFETIVADA;15/05/2026;16/05/2026;0,00;0,00;0,00;0,00;0,00;0,00;0,00;0,00;0,00;0,00;586,12;107,50;0,00;0,00;15599,00;000000000002498;LIMAO KG;CX;100,00;1,00;1102;0,00;0,00;0,00;0,00;0,00;0,00;0,00;0,00;0,00;0,00;0,00;0,00;0,00;0,00;275,00;0,00;275,00
2;10;PEDRA;15052026;3;COMPRA PARA COMERCIALIZAÇAO - NOTA BRANCA;EFETIVADA;15/05/2026;16/05/2026;0,00;0,00;0,00;0,00;0,00;0,00;0,00;0,00;0,00;0,00;586,12;107,50;0,00;0,00;15599,00;000000000010530;MACA  ARGENTINA KG;CX;18,80;1,00;1102;0,00;0,00;0,00;0,00;0,00;0,00;0,00;0,00;0,00;0,00;0,00;0,00;0,00;0,00;200,00;0,00;200,00
2;10;PEDRA;15052026;3;COMPRA PARA COMERCIALIZAÇAO - NOTA BRANCA;EFETIVADA;15/05/2026;16/05/2026;0,00;0,00;0,00;0,00;0,00;0,00;0,00;0,00;0,00;0,00;586,12;107,50;0,00;0,00;15599,00;000000000010627;MACA GALA KG;CX;18,30;1,00;1102;0,00;0,00;0,00;0,00;0,00;0,00;0,00;0,00;0,00;0,00;0,00;0,00;0,00;0,00;125,00;0,00;125,00
2;10;PEDRA;15052026;3;COMPRA PARA COMERCIALIZAÇAO - NOTA BRANCA;EFETIVADA;15/05/2026;16/05/2026;0,00;0,00;0,00;0,00;0,00;0,00;0,00;0,00;0,00;0,00;586,12;107,50;0,00;0,00;15599,00;000000000002137;MACA GALA SC 850GR;SC;48,00;1,00;1102;0,00;0,00;0,00;0,00;0,00;0,00;0,00;0,00;0,00;0,00;0,00;0,00;0,00;0,00;190,00;0,00;190,00
2;10;PEDRA;15052026;3;COMPRA PARA COMERCIALIZAÇAO - NOTA BRANCA;EFETIVADA;15/05/2026;16/05/2026;0,00;0,00;0,00;0,00;0,00;0,00;0,00;0,00;0,00;0,00;586,12;107,50;0,00;0,00;15599,00;000000000010529;MACA VERDE KG;KG;18,90;1,00;1102;0,00;0,00;0,00;0,00;0,00;0,00;0,00;0,00;0,00;0,00;0,00;0,00;0,00;0,00;210,00;0,00;210,00
2;10;PEDRA;15052026;3;COMPRA PARA COMERCIALIZAÇAO - NOTA BRANCA;EFETIVADA;15/05/2026;16/05/2026;0,00;0,00;0,00;0,00;0,00;0,00;0,00;0,00;0,00;0,00;586,12;107,50;0,00;0,00;15599,00;000000000010525;MANGA PALMER KG;CX;63,40;1,00;1102;0,00;0,00;0,00;0,00;0,00;0,00;0,00;0,00;0,00;0,00;0,00;0,00;0,00;0,00;270,00;0,00;270,00
2;10;PEDRA;15052026;3;COMPRA PARA COMERCIALIZAÇAO - NOTA BRANCA;EFETIVADA;15/05/2026;16/05/2026;0,00;0,00;0,00;0,00;0,00;0,00;0,00;0,00;0,00;0,00;586,12;107,50;0,00;0,00;15599,00;000000000010522;MARACUJA KG;CX;107,80;1,00;1102;0,00;0,00;0,00;0,00;0,00;0,00;0,00;0,00;0,00;0,00;0,00;0,00;0,00;0,00;350,00;0,00;350,00
2;10;PEDRA;15052026;3;COMPRA PARA COMERCIALIZAÇAO - NOTA BRANCA;EFETIVADA;15/05/2026;16/05/2026;0,00;0,00;0,00;0,00;0,00;0,00;0,00;0,00;0,00;0,00;586,12;107,50;0,00;0,00;15599,00;000000000002519;OVOS CARTELA COM 30;CT;12,00;10,00;1102;0,00;0,00;0,00;0,00;0,00;0,00;0,00;0,00;0,00;0,00;0,00;0,00;0,00;0,00;175,00;0,00;1750,00
2;10;PEDRA;15052026;3;COMPRA PARA COMERCIALIZAÇAO - NOTA BRANCA;EFETIVADA;15/05/2026;16/05/2026;0,00;0,00;0,00;0,00;0,00;0,00;0,00;0,00;0,00;0,00;586,12;107,50;0,00;0,00;15599,00;000000000010512;PEPINO JAPONES KG;KG;20,90;1,00;1102;0,00;0,00;0,00;0,00;0,00;0,00;0,00;0,00;0,00;0,00;0,00;0,00;0,00;0,00;95,00;0,00;95,00
2;10;PEDRA;15052026;3;COMPRA PARA COMERCIALIZAÇAO - NOTA BRANCA;EFETIVADA;15/05/2026;16/05/2026;0,00;0,00;0,00;0,00;0,00;0,00;0,00;0,00;0,00;0,00;586,12;107,50;0,00;0,00;15599,00;000000000010513;PEPINO KG;CX;21,90;1,00;1102;0,00;0,00;0,00;0,00;0,00;0,00;0,00;0,00;0,00;0,00;0,00;0,00;0,00;0,00;85,00;0,00;85,00
2;10;PEDRA;15052026;3;COMPRA PARA COMERCIALIZAÇAO - NOTA BRANCA;EFETIVADA;15/05/2026;16/05/2026;0,00;0,00;0,00;0,00;0,00;0,00;0,00;0,00;0,00;0,00;586,12;107,50;0,00;0,00;15599,00;000000000002502;PIMENTAO KG;CX;68,90;1,00;1102;0,00;0,00;0,00;0,00;0,00;0,00;0,00;0,00;0,00;0,00;0,00;0,00;0,00;0,00;325,00;0,00;325,00
2;10;PEDRA;15052026;3;COMPRA PARA COMERCIALIZAÇAO - NOTA BRANCA;EFETIVADA;15/05/2026;16/05/2026;0,00;0,00;0,00;0,00;0,00;0,00;0,00;0,00;0,00;0,00;586,12;107,50;0,00;0,00;15599,00;000000000010507;QUIABO KG;CX;74,90;1,00;1102;0,00;0,00;0,00;0,00;0,00;0,00;0,00;0,00;0,00;0,00;0,00;0,00;0,00;0,00;625,00;0,00;625,00
2;10;PEDRA;15052026;3;COMPRA PARA COMERCIALIZAÇAO - NOTA BRANCA;EFETIVADA;15/05/2026;16/05/2026;0,00;0,00;0,00;0,00;0,00;0,00;0,00;0,00;0,00;0,00;586,12;107,50;0,00;0,00;15599,00;000000000010510;REPOLHO KG;CX;73,50;1,00;1102;0,00;0,00;0,00;0,00;0,00;0,00;0,00;0,00;0,00;0,00;0,00;0,00;0,00;0,00;255,00;0,00;255,00
2;10;PEDRA;15052026;3;COMPRA PARA COMERCIALIZAÇAO - NOTA BRANCA;EFETIVADA;15/05/2026;16/05/2026;0,00;0,00;0,00;0,00;0,00;0,00;0,00;0,00;0,00;0,00;586,12;107,50;0,00;0,00;15599,00;000000000011761;TANGERINA POKAN KG;CX;176,00;1,00;1102;0,00;0,00;0,00;0,00;0,00;0,00;0,00;0,00;0,00;0,00;0,00;0,00;0,00;0,00;455,00;0,00;455,00
2;10;PEDRA;15052026;3;COMPRA PARA COMERCIALIZAÇAO - NOTA BRANCA;EFETIVADA;15/05/2026;16/05/2026;0,00;0,00;0,00;0,00;0,00;0,00;0,00;0,00;0,00;0,00;586,12;107,50;0,00;0,00;15599,00;000000000002497;TOMATE CARMEM KG;CX;183,90;1,00;1102;0,00;0,00;0,00;0,00;0,00;0,00;0,00;0,00;0,00;0,00;0,00;0,00;0,00;0,00;1015,00;0,00;1015,00
2;10;PEDRA;15052026;3;COMPRA PARA COMERCIALIZAÇAO - NOTA BRANCA;EFETIVADA;15/05/2026;16/05/2026;0,00;0,00;0,00;0,00;0,00;0,00;0,00;0,00;0,00;0,00;586,12;107,50;0,00;0,00;15599,00;000000000002474;TOMATE GRAPE 180G UN.;CX;12,00;1,00;1102;0,00;0,00;0,00;0,00;0,00;0,00;0,00;0,00;0,00;0,00;0,00;0,00;0,00;0,00;65,00;0,00;65,00
2;10;PEDRA;15052026;3;COMPRA PARA COMERCIALIZAÇAO - NOTA BRANCA;EFETIVADA;15/05/2026;16/05/2026;0,00;0,00;0,00;0,00;0,00;0,00;0,00;0,00;0,00;0,00;586,12;107,50;0,00;0,00;15599,00;000000000010772;TOMATE ITALIANO KG;CX;175,50;1,00;1102;0,00;0,00;0,00;0,00;0,00;0,00;0,00;0,00;0,00;0,00;0,00;0,00;0,00;0,00;870,00;0,00;870,00
2;10;PEDRA;15052026;3;COMPRA PARA COMERCIALIZAÇAO - NOTA BRANCA;EFETIVADA;15/05/2026;16/05/2026;0,00;0,00;0,00;0,00;0,00;0,00;0,00;0,00;0,00;0,00;586,12;107,50;0,00;0,00;15599,00;000000000019191;UVA PRETA S/ CAROCO BDJ 500G;CX;70,00;1,00;1102;0,00;0,00;0,00;0,00;0,00;0,00;0,00;0,00;0,00;0,00;0,00;0,00;0,00;0,00;364,00;0,00;364,00
